SampleID,GH,HGT,VIG
ALF16_1_1_1_OTTM,4.64739264,45.66664486,3.81202057
ALF16_1_1_2_OTTM,4.04019931,41.89517608,4.439651481
ALF16_1_1_3_OTTM,5.477787638,55.70958241,5.762597676
ALF16_1_1_4_OTTM,6.531384303,43.86678557,4.66930711
ALF16_1_1_5_OTTM,6.415375965,15.56473228,0.320804702
ALF16_1_1_6_OTTM,6.200989305,51.13340533,6.332181341
ALF16_1_10_1_OTTM,7.145934918,23.36677482,1.475546599
ALF16_1_10_2_OTTM,5.310186022,46.19949908,3.341007544
ALF16_1_10_3_OTTM,6.608515592,29.49329841,2.268602448
ALF16_1_10_4_OTTM,3.872597695,42.15112218,6.501982184
ALF16_1_10_5_OTTM,4.814593526,37.47037753,4.817575309
ALF16_1_10_6_OTTM,5.256589357,42.76538779,5.182937876
ALF16_1_11_3_SIBR,6.128631879,35.57724406,3.040597546
ALF16_1_11_4_SIBR,2.637446886,22.08209308,4.738998007
ALF16_1_11_5_SIBR,3.302644385,25.85356186,4.234453876
ALF16_1_11_6_SIBR,3.24904772,31.00106699,4.585470673
ALF16_1_12_1_EURO,6.383272443,52.56724655,3.893223061
ALF16_1_12_2_EURO,7.304624687,15.66083173,1.284136071
ALF16_1_12_3_EURO,4.222482448,50.21475168,5.994279392
ALF16_1_12_4_EURO,7.436869108,52.29092875,4.214364685
ALF16_1_12_5_EURO,4.49928078,42.99106947,3.759133959
ALF16_1_12_6_EURO,4.276079113,34.45314531,3.981487519
ALF16_1_13_1_SIBR,4.110650234,21.83959445,1.163832664
ALF16_1_13_2_SIBR,3.226658571,26.60621421,3.748453861
ALF16_1_13_4_SIBR,3.226658571,36.22532884,5.546756294
ALF16_1_13_5_SIBR,5.494641896,19.99679761,2.704233332
ALF16_1_13_6_SIBR,2.673061906,18.50099235,3.035610916
ALF16_1_14_1_OTTM,4.943844844,49.607306,5.995173709
ALF16_1_14_2_OTTM,5.220643176,50.17863405,4.796070222
ALF16_1_14_3_OTTM,6.551038174,57.34068624,4.885815486
ALF16_1_14_4_OTTM,4.943844844,43.61215501,6.329333904
ALF16_1_14_5_OTTM,4.613449846,48.45082383,4.977908061
ALF16_1_14_6_OTTM,4.667046511,43.75966015,4.579602053
ALF16_1_15_1_SIBR,3.25638242,27.619452,5.41164175
ALF16_1_15_2_SIBR,3.309979085,35.77665516,6.206526548
ALF16_1_15_3_SIBR,2.979584087,30.9241603,3.261796368
ALF16_1_15_4_SIBR,2.75638242,27.8977501,3.875700303
ALF16_1_15_5_SIBR,3.917172415,23.33430702,2.689081775
ALF16_1_15_6_SIBR,4.417172415,20.39576979,2.222874421
ALF16_1_16_1_CASIA,5.902790051,40.24779058,3.360629636
ALF16_1_16_2_CASIA,3.358008394,46.94308228,5.243299269
ALF16_1_16_3_CASIA,6.679588384,42.74779058,2.126968889
ALF16_1_16_5_CASIA,5.125991719,30.37660324,3.306944458
ALF16_1_17_1_EURO,4.435486447,43.16341781,4.871524545
ALF16_1_17_3_EURO,3.051494785,37.97297512,5.01871986
ALF16_1_17_6_EURO,4.989083112,44.80675314,5.05219264
ALF16_1_18_1_CASIA,5.75434376,43.17548266,3.358322525
ALF16_1_18_2_CASIA,3.5399571,57.94210242,5.423597466
ALF16_1_18_3_CASIA,6.084738758,35.94582875,3.167010455
ALF16_1_18_4_CASIA,5.584738758,25.87710756,3.125859425
ALF16_1_18_5_CASIA,5.807940425,39.76620678,2.981350879
ALF16_1_18_6_CASIA,5.25434376,39.87077436,4.270548903
ALF16_1_19_1_OTTM,5.114275759,63.40942062,8.105771144
ALF16_1_19_2_OTTM,6.498267421,43.05520317,2.578681327
ALF16_1_19_3_OTTM,5.667872424,64.13622926,5.977382169
ALF16_1_19_5_OTTM,5.444670756,51.40284902,4.367239154
ALF16_1_19_6_OTTM,4.998267421,61.40284902,5.646089141
ALF16_1_2_1_SIBR,5.124825487,7.39239913,1.165169585
ALF16_1_2_2_SIBR,5.157191502,17.34884586,3.063754161
ALF16_1_2_3_SIBR,2.942804842,27.89137449,6.176614032
ALF16_1_2_4_SIBR,3.219603174,20.77225986,2.199324344
ALF16_1_2_5_SIBR,2.666006509,28.88652547,6.595805688
ALF16_1_2_6_SIBR,2.719603174,17.99008692,2.038211755
ALF16_1_20_1_CASIA,3.905257129,40.54247233,4.195531242
ALF16_1_20_2_CASIA,3.892894338,45.54247233,5.955213863
ALF16_1_20_3_CASIA,5.789248791,43.03041295,1.731183924
ALF16_1_20_4_CASIA,4.074862131,45.62834744,6.792122425
ALF16_1_20_6_CASIA,5.789248791,46.8139411,4.752536807
ALF16_1_21_1_EURO,4.17186387,36.6496286,4.255759032
ALF16_1_21_2_EURO,6.38625053,34.20133126,2.684467129
ALF16_1_21_4_EURO,4.395065538,35.37869511,5.044304327
ALF16_1_21_5_EURO,5.2790572,41.22634096,5.807998118
ALF16_1_21_6_EURO,4.502258868,42.92163266,5.263997879
ALF16_1_22_1_EURO,3.214449289,28.94002043,4.004888273
ALF16_1_22_2_EURO,4.544844286,42.7114892,3.575695277
ALF16_1_22_3_EURO,4.375239284,23.09259908,2.837208466
ALF16_1_22_4_EURO,3.160852624,33.36869237,6.022521
ALF16_1_22_6_EURO,4.875239284,35.57368211,3.950446472
ALF16_1_23_1_CASIA,5.705996085,30.87215439,2.153668045
ALF16_1_23_2_CASIA,5.705996085,41.02124434,4.301572519
ALF16_1_23_3_CASIA,4.375601087,46.08287437,4.592003352
ALF16_1_23_4_CASIA,4.982794417,43.71168703,4.8965456
ALF16_1_23_5_CASIA,5.429197752,44.58967228,4.131378875
ALF16_1_23_6_CASIA,5.482794417,36.35919216,2.857316342
ALF16_1_24_1_Vernal,4.057466842,37.58236715,4.066886095
ALF16_1_24_2_Vernal,4.057466842,38.19663276,5.211798895
ALF16_1_24_3_Vernal,3.557466842,43.38707545,4.724716073
ALF16_1_24_4_Vernal,4.057466842,45.69663276,6.106299556
ALF16_1_24_5_Vernal,3.503870177,45.88707545,6.161131277
ALF16_1_24_6_Vernal,4.003870177,40.50619008,6.880327812
ALF16_1_3_1_OTTM,5.070990862,51.63945942,5.324497037
ALF16_1_3_2_OTTM,4.90138586,49.244027,5.445305514
ALF16_1_3_3_OTTM,5.231780857,56.27726652,7.041114814
ALF16_1_3_4_OTTM,6.178184192,49.43446968,6.102501146
ALF16_1_3_5_OTTM,5.843381691,34.94416772,3.132772361
ALF16_1_3_6_OTTM,5.289785026,30.85344359,2.749354837
ALF16_1_4_1_EURO,6.32575697,35.97088468,4.146665649
ALF16_1_4_3_EURO,3.888168642,31.58515029,5.275639153
ALF16_1_4_4_EURO,4.272160305,23.04706175,2.248976041
ALF16_1_4_5_EURO,4.656151967,18.8947076,1.289695926
ALF16_1_4_6_EURO,3.606962806,32.09319349,4.764680967
ALF16_1_5_1_SIBR,2.749358774,31.41066746,5.443264301
ALF16_1_5_2_SIBR,2.579753771,27.72507379,5.693022708
ALF16_1_5_3_SIBR,4.368963191,19.02143233,0.988807286
ALF16_1_5_4_SIBR,2.856552104,31.08883516,5.813050732
ALF16_1_5_6_SIBR,2.579753771,32.25831331,4.44521028
ALF16_1_6_1_EURO,6.013783135,34.70524117,2.905779592
ALF16_1_6_3_EURO,4.794988972,33.47670994,3.378524687
ALF16_1_6_4_EURO,4.629791473,25.25787676,2.41247403
ALF16_1_6_5_EURO,7.013783135,25.40538189,1.510195174
ALF16_1_6_6_EURO,4.299396475,41.40053287,4.376042482
ALF16_1_7_1_CASIA,7.075116285,56.35250689,4.050928813
ALF16_1_7_2_CASIA,5.579523789,47.94323101,5.220850368
ALF16_1_7_3_CASIA,6.52151962,46.9461556,4.064394639
ALF16_1_7_6_CASIA,6.298317952,26.81926737,1.436280225
ALF16_1_8_1_OTTM,5.836669022,53.38355163,3.042344309
ALF16_1_8_2_OTTM,4.45267736,41.81707258,3.619546865
ALF16_1_8_3_OTTM,4.064278194,45.63147892,5.56386989
ALF16_1_8_4_OTTM,5.55987069,53.51236429,5.904864614
ALF16_1_8_5_OTTM,4.287479861,42.66471844,6.659273333
ALF16_1_8_6_OTTM,3.122282362,39.59339038,5.744695728
ALF16_1_9_1_EURO,3.021059934,32.37520823,2.612350496
ALF16_1_9_2_EURO,4.905051597,53.08566273,5.118676789
ALF16_1_9_4_EURO,4.516652431,52.09051175,7.421708039
ALF16_1_9_5_EURO,5.958648262,37.28095444,2.943638585
ALF16_1_9_6_EURO,4.293450763,41.66668882,3.990681543
ALF16_2_1_1_EURO,3.419893456,42.28173292,7.036777529
ALF16_2_1_2_EURO,6.080683451,55.01511316,5.514441926
ALF16_2_1_3_EURO,5.027086786,50.39599854,7.218699779
ALF16_2_1_5_EURO,5.969082617,42.36760803,4.110894475
ALF16_2_1_6_EURO,5.803885118,50.67231633,6.429503636
ALF16_2_10_1_SIBR,5.392104678,25.02707649,2.111151762
ALF16_2_10_2_SIBR,3.235722187,31.63649308,4.842599487
ALF16_2_10_4_SIBR,5.008113016,23.9460504,2.737892398
ALF16_2_10_5_SIBR,4.231314683,39.32693577,6.538177098
ALF16_2_10_6_SIBR,2.293726356,29.51737845,4.743317702
ALF16_2_11_1_EURO,6.009921018,26.24380651,2.121185694
ALF16_2_11_2_EURO,5.241647741,39.94549686,4.117477198
ALF16_2_11_3_EURO,6.241647741,50.66433005,4.143327791
ALF16_2_11_4_EURO,4.40684524,22.44549686,2.015228454
ALF16_2_12_2_CASIA,6.789873507,33.98973583,1.764328505
ALF16_2_12_4_CASIA,6.279691173,28.75311312,1.384528993
ALF16_2_12_5_CASIA,3.953703679,51.25311312,6.562115639
ALF16_2_13_2_OTTM,4.361932263,45.48973318,2.441639827
ALF16_2_13_3_OTTM,4.969125593,44.24128305,3.229424572
ALF16_2_13_4_OTTM,5.031537266,49.5742997,4.496237013
ALF16_2_13_6_OTTM,5.585133931,55.25635294,5.095894566
ALF16_2_14_3_Hybriforce3400,4.060221077,39.13295727,4.357967043
ALF16_2_14_4_Hybriforce3400,4.337019409,41.06162921,5.662815913
ALF16_2_14_5_Hybriforce3400,5.167414407,35.95706164,3.839900143
ALF16_2_14_6_Hybriforce3400,5.337019409,44.79016044,4.724338382
ALF16_2_15_4_CASIA,5.258190609,55.0275493,5.173610824
ALF16_2_15_5_CASIA,4.427795612,43.508045,5.614182695
ALF16_2_15_6_CASIA,6.224764566,35.16039915,3.062969388
ALF16_2_16_6_EURO,3.412981118,46.05596303,4.422506463
ALF16_2_17_1_OTTM,5.208688764,51.20014594,4.825832139
ALF16_2_17_2_OTTM,4.101495434,33.55264081,2.559576281
ALF16_2_17_3_OTTM,4.931890431,44.82410959,3.256131295
ALF16_2_17_4_OTTM,5.155092099,39.40028666,5.015156632
ALF16_2_17_5_OTTM,5.378293766,51.66690642,4.846240026
ALF16_2_17_6_OTTM,4.271100436,54.40028666,5.786782726
ALF16_2_18_2_SIBR,5.415999314,28.67144292,2.098661707
ALF16_2_18_3_SIBR,2.594419324,27.82379707,3.493937021
ALF16_2_19_1_OTTM,5.031245334,38.04576497,2.730148933
ALF16_2_19_2_OTTM,5.361640332,34.65518157,2.613146107
ALF16_2_19_5_OTTM,5.361640332,64.81293482,5.735757552
ALF16_2_19_6_OTTM,5.638438664,62.76944718,5.937846828
ALF16_2_2_1_CASIA,5.078370238,43.18569754,3.767473921
ALF16_2_2_2_CASIA,4.408765236,51.0791334,5.297200224
ALF16_2_2_4_CASIA,4.992122347,37.36794269,3.244885979
ALF16_2_2_5_CASIA,3.636374407,51.76672363,7.001427116
ALF16_2_20_1_SIBR,3.109927145,39.79607172,4.709238811
ALF16_2_20_2_SIBR,3.109927145,22.14856659,1.417944659
ALF16_2_20_3_SIBR,2.609927145,19.69150414,3.624764995
ALF16_2_20_4_SIBR,2.609927145,28.84385829,4.307089564
ALF16_2_20_5_SIBR,3.427381118,12.02029549,0.417813879
ALF16_2_20_6_SIBR,2.910228609,27.14856659,4.339113828
ALF16_2_21_2_EURO,5.324640762,42.55296983,3.83608676
ALF16_2_21_4_EURO,6.047842429,35.25778845,2.705341291
ALF16_2_21_5_EURO,6.324640762,39.17676236,3.484013155
ALF16_2_22_1_SIBR,4.528043865,28.09105399,3.98760104
ALF16_2_22_2_SIBR,3.420850535,33.76694963,3.914972736
ALF16_2_22_3_SIBR,4.91285501,19.38488688,1.952567237
ALF16_2_22_4_SIBR,3.028043865,10.31426636,1.322620122
ALF16_2_22_5_SIBR,3.804842197,17.23071195,1.673658535
ALF16_2_23_3_OTTM,4.521173142,53.52366462,6.081152052
ALF16_2_23_4_OTTM,5.35156814,40.36994957,2.989953361
ALF16_2_24_1_SIBR,3.439097421,30.15724193,4.033323565
ALF16_2_24_2_SIBR,5.323089083,30.0097368,2.6284934
ALF16_2_24_3_SIBR,5.046290751,22.70017949,2.867632658
ALF16_2_24_4_SIBR,3.662299088,25.24311704,4.761203021
ALF16_2_24_5_SIBR,4.599887416,24.58591387,2.741256
ALF16_2_24_6_SIBR,5.046290751,33.92871071,3.471318261
ALF16_2_3_1_55H94,6.129410764,47.24982389,3.606646704
ALF16_2_3_2_55H94,4.415024104,42.94996461,4.380498901
ALF16_2_3_3_55H94,5.522217434,47.94996461,6.163289554
ALF16_2_3_4_55H94,3.19622994,43.53487137,5.290089357
ALF16_2_3_5_55H94,4.745419101,47.99290216,5.021603769
ALF16_2_3_6_55H94,4.80342327,52.99290216,6.028363878
ALF16_2_4_1_CASIA,6.187515681,28.42133869,2.180907013
ALF16_2_4_2_CASIA,4.758680301,45.48331008,5.760437288
ALF16_2_4_4_CASIA,6.473066961,34.06433617,2.574640097
ALF16_2_4_6_CASIA,5.142671964,39.40228398,2.940152338
ALF16_2_5_1_Genoa,5.703660296,32.41690955,2.356088845
ALF16_2_5_2_Genoa,5.650063631,50.29587743,5.016856558
ALF16_2_5_3_Genoa,5.319668634,48.56927698,6.636477428
ALF16_2_5_4_Genoa,4.984866133,51.10058573,5.751526114
ALF16_2_5_5_Genoa,6.034055294,34.25723378,2.364793057
ALF16_2_5_6_Genoa,4.542870301,44.68161182,7.494511999
ALF16_2_6_2_CASIA,6.211566681,40.41065,3.824882824
ALF16_2_6_3_CASIA,4.381171684,33.74415903,4.208857756
ALF16_2_6_6_CASIA,5.497180021,15.76375264,1.471100427
ALF16_2_7_3_OTTM,5.547196339,52.23644766,3.854495162
ALF16_2_7_4_OTTM,4.551603843,47.45614627,5.047447146
ALF16_2_7_5_OTTM,4.993599674,55.76085457,5.519296838
ALF16_2_7_6_OTTM,4.828402175,58.49423481,6.980976277
ALF16_2_8_2_CASIA,5.148638806,41.95600393,4.798025044
ALF16_2_8_3_CASIA,6.479033804,47.76071222,2.714124592
ALF16_2_8_4_CASIA,6.644231303,41.91306637,2.522094259
ALF16_2_8_6_CASIA,6.255832136,42.27525927,3.322251429
ALF16_2_9_2_Vernal,4.480034801,44.16792869,5.630675066
ALF16_2_9_4_Vernal,4.810429798,36.71086624,2.875194507
ALF16_2_9_5_Vernal,3.926438136,35.82028284,5.411371198
ALF16_3_1_1_OTTM,4.456524919,66.39285489,8.055774936
ALF16_3_1_2_OTTM,4.626129921,60.11037278,7.370709356
ALF16_3_1_3_OTTM,4.068125753,48.25161384,5.04530237
ALF16_3_1_4_OTTM,5.456524919,50.11037278,6.17418565
ALF16_3_10_1_EURO,6.104432871,18.09480106,1.025206341
ALF16_3_10_2_EURO,4.329310706,35.31848327,3.915864173
ALF16_3_10_3_EURO,4.052512373,31.12319157,4.616497599
ALF16_3_10_5_EURO,5.936504036,34.74715521,4.292878594
ALF16_3_10_6_EURO,4.979805705,14.36626984,0.456329339
ALF16_3_11_1_SIBR,4.414092808,24.05207935,2.493120977
ALF16_3_11_2_SIBR,4.306899478,32.16634496,3.910890267
ALF16_3_11_3_SIBR,2.699706148,25.21898055,5.632662613
ALF16_3_11_5_SIBR,4.08369781,26.5091418,2.959256574
ALF16_3_11_6_SIBR,3.253302813,19.98560031,2.552678006
ALF16_3_12_1_CASIA,5.205298909,40.25990022,3.318972566
ALF16_3_12_3_CASIA,6.784670012,28.51206238,1.446227625
ALF16_3_12_5_CASIA,4.205298909,28.65048362,2.475646876
ALF16_3_13_1_SIBR,4.161361859,34.38400327,2.519657909
ALF16_3_13_3_SIBR,3.223773531,34.08605419,3.33232646
ALF16_3_14_2_OTTM,6.300741094,46.84216625,4.143150942
ALF16_3_14_3_OTTM,4.639951099,49.68011407,5.230420542
ALF16_3_14_4_OTTM,4.693547764,48.91834333,4.871675658
ALF16_3_14_5_OTTM,4.693547764,40.80407772,3.626866139
ALF16_3_14_6_OTTM,4.139951099,48.4086453,3.289221435
ALF16_3_15_1_EURO,3.979118527,35.16461113,5.013290387
ALF16_3_15_2_EURO,5.086311857,45.31211626,4.056733632
ALF16_3_15_3_EURO,3.979118527,38.15006408,5.513085206
ALF16_3_15_4_EURO,5.36311019,42.81211626,5.225247943
ALF16_3_15_5_EURO,4.309513525,32.66461113,4.407696666
ALF16_3_16_2_CASIA,4.619662989,15.90904226,1.055193967
ALF16_3_16_3_CASIA,4.656588634,46.670813,5.619338522
ALF16_3_16_4_CASIA,5.710185299,50.20890154,4.502225762
ALF16_3_16_5_CASIA,4.182808538,39.50876082,4.155394843
ALF16_3_16_6_CASIA,5.540580296,39.04200034,3.137376183
ALF16_3_17_1_SIBR,3.395039939,27.73239814,4.153318
ALF16_3_17_2_SIBR,3.725434936,14.28018471,1.021037362
ALF16_3_17_3_SIBR,4.502233269,12.78757115,0.32099021
ALF16_3_17_5_SIBR,3.118241606,22.39445032,2.654114454
ALF16_3_17_6_SIBR,4.725434936,33.3037262,4.62194094
ALF16_3_18_1_Hybriforce3400,4.966610922,39.14540309,4.505320036
ALF16_3_18_2_Hybriforce3400,4.68981259,50.98819992,7.241050101
ALF16_3_18_4_Hybriforce3400,4.743409255,44.14540309,6.169442505
ALF16_3_18_5_Hybriforce3400,4.966610922,52.02628846,6.96683475
ALF16_3_18_6_Hybriforce3400,4.136215925,42.30260625,5.634698583
ALF16_3_19_1_OTTM,4.420197998,52.85380101,6.028691204
ALF16_3_19_2_OTTM,5.196996331,37.73367525,2.522976297
ALF16_3_19_3_OTTM,4.973794663,59.59203027,5.63496336
ALF16_3_19_4_OTTM,4.250592996,43.51100417,4.040163488
ALF16_3_19_5_OTTM,4.804189661,54.7395354,6.299783655
ALF16_3_19_6_OTTM,4.250592996,32.32541051,2.679914084
ALF16_3_2_1_CASIA,5.058196065,47.07638323,5.254298675
ALF16_3_2_2_CASIA,6.000191897,45.04314371,3.277292656
ALF16_3_2_3_CASIA,5.607385227,38.70543575,3.709687054
ALF16_3_2_4_CASIA,5.660981892,41.7817126,2.486802229
ALF16_3_2_5_CASIA,4.558196065,38.91918007,3.378191504
ALF16_3_20_1_SIBR,3.099910154,28.5435941,4.464163438
ALF16_3_20_3_SIBR,2.653506819,20.85315141,3.19789144
ALF16_3_20_4_SIBR,4.027088004,23.62946921,4.072636334
ALF16_3_20_5_SIBR,4.537498482,28.07683362,2.886987078
ALF16_3_20_6_SIBR,4.867893479,18.39608897,1.31514101
ALF16_3_21_1_CASIA,4.656688507,36.613059,4.96705121
ALF16_3_21_2_CASIA,5.487083504,51.10336097,4.373470241
ALF16_3_21_3_CASIA,6.040680169,36.52482221,3.308906735
ALF16_3_21_4_CASIA,5.817478502,36.80365257,2.896520033
ALF16_3_21_6_CASIA,5.817478502,40.4461578,3.357512035
ALF16_3_22_2_CASIA,4.883503186,39.70543197,4.134347563
ALF16_3_22_3_CASIA,5.213898184,42.67219245,4.778902494
ALF16_3_22_4_CASIA,5.990696516,35.74352051,3.225022949
ALF16_3_22_5_CASIA,3.121579503,16.94800278,2.574798042
ALF16_3_22_6_CASIA,5.544293181,24.04822881,2.026723522
ALF16_3_23_1_EURO,4.580639714,29.70593567,3.306862688
ALF16_3_23_2_EURO,5.134236379,40.1297586,5.576459863
ALF16_3_23_3_EURO,3.696648051,33.11096896,4.803938919
ALF16_3_24_1_EURO,5.115807186,46.59914695,6.456331027
ALF16_3_24_2_EURO,5.392605518,26.17532403,2.85928761
ALF16_3_24_4_EURO,5.392605518,43.86576671,6.107463474
ALF16_3_24_5_EURO,4.839008853,42.3609177,3.952678958
ALF16_3_24_6_EURO,4.429460933,27.10884499,3.228699942
ALF16_3_3_1_CASIA,6.176464247,48.16748768,4.500238102
ALF16_3_3_2_CASIA,4.899665915,25.20347576,1.919922044
ALF16_3_3_3_CASIA,5.899665915,35.55657839,2.508734433
ALF16_3_3_4_CASIA,5.122867582,45.7797526,3.908876199
ALF16_3_3_5_CASIA,5.069270917,37.62264241,3.235354639
ALF16_3_3_6_CASIA,5.069270917,43.38441315,3.003524563
ALF16_3_4_1_OTTM,5.694412132,54.06037341,4.602813214
ALF16_3_4_2_OTTM,5.194412132,28.67948804,3.126681783
ALF16_3_4_3_OTTM,5.029214633,45.49154497,5.185796783
ALF16_3_4_6_OTTM,4.640815467,40.9461078,3.454302353
ALF16_3_5_1_SIBR,5.470146141,20.13199562,1.215704723
ALF16_3_5_2_SIBR,5.130936136,14.2509669,0.958583631
ALF16_3_5_3_SIBR,5.523742806,40.5840657,4.544360303
ALF16_3_5_4_SIBR,3.362952811,28.31744594,4.722322545
ALF16_3_5_5_SIBR,4.300541138,23.78420642,2.215593062
ALF16_3_5_6_SIBR,3.528150309,36.47464911,4.154102353
ALF16_3_6_1_OTTM,4.732372809,62.92534909,6.364652979
ALF16_3_6_2_OTTM,5.620771975,51.31593249,4.548175001
ALF16_3_6_3_OTTM,4.678776144,41.27762381,5.485247782
ALF16_3_6_4_OTTM,6.009171141,54.09225029,4.967766895
ALF16_3_6_5_OTTM,4.790376977,46.69681787,4.802601498
ALF16_3_6_6_OTTM,5.785969474,48.47798468,5.738996734
ALF16_3_7_1_CASIA,5.165047565,45.17680206,3.416336247
ALF16_3_7_2_CASIA,4.6114509,54.33705358,4.758259732
ALF16_3_7_3_CASIA,5.665047565,40.26643306,2.110514585
ALF16_3_7_4_CASIA,3.557854235,53.18650009,8.437651302
ALF16_3_7_5_CASIA,6.272240895,40.49605741,2.252426889
ALF16_3_7_6_CASIA,4.6114509,42.52929693,4.070989348
ALF16_3_8_1_SIBR,4.117050008,30.13762915,4.323954325
ALF16_3_8_2_SIBR,4.45185251,30.63994537,2.509799588
ALF16_3_8_3_SIBR,3.009856678,30.87332561,4.106662989
ALF16_3_8_4_SIBR,4.893848341,30.72582048,5.271991284
ALF16_3_8_5_SIBR,4.617050008,27.94950268,2.632665148
ALF16_3_8_6_SIBR,4.728650842,27.75906,2.712150709
ALF16_3_9_1_CASIA,5.357157764,42.48562406,3.251644762
ALF16_3_9_2_CASIA,5.303561099,42.31542421,2.80508866
ALF16_3_9_3_CASIA,5.249964434,52.46292934,5.715021611
ALF16_3_9_4_CASIA,5.803561099,44.43453884,4.139260183
ALF16_3_9_5_CASIA,6.133956096,27.55058827,1.946236276
ALF16_3_9_6_CASIA,4.691960265,46.61528349,3.827656872
ALF16_4_1_1_Hybriforce3400,4.769663762,39.41809861,6.75189687
ALF16_4_1_2_Hybriforce3400,5.211659594,30.42026558,2.946681129
ALF16_4_1_3_Hybriforce3400,5.10005876,44.27059348,7.005861985
ALF16_4_1_4_Hybriforce3400,4.881264596,51.49427569,7.502228193
ALF16_4_1_5_Hybriforce3400,5.434861261,37.76574447,4.799276393
ALF16_4_10_1_SIBR,4.621993517,25.32076484,2.955631281
ALF16_4_10_3_SIBR,4.568396852,24.51605655,2.372245076
ALF16_4_10_4_SIBR,5.186477766,12.51552617,1.160019476
ALF16_4_10_5_SIBR,4.568396852,33.47796801,4.451576054
ALF16_4_10_6_SIBR,4.014800187,28.85885338,4.749052793
ALF16_4_11_1_OTTM,3.518147803,47.02804166,4.162595944
ALF16_4_11_2_OTTM,5.960143634,46.88053652,3.753103985
ALF16_4_11_3_OTTM,4.794946135,28.47126065,3.555486656
ALF16_4_11_4_OTTM,5.513740299,50.6520053,5.604568967
ALF16_4_11_5_OTTM,4.571744468,45.84309581,5.290235027
ALF16_4_11_6_OTTM,5.183345302,60.31405748,6.729631786
ALF16_4_12_1_Vernal,3.948724966,34.46906494,4.563602814
ALF16_4_12_2_Vernal,4.171926633,41.26892422,5.961029148
ALF16_4_12_3_Vernal,4.225523298,31.67405468,4.236332062
ALF16_4_12_5_Vernal,3.948724966,36.12141909,4.880350983
ALF16_4_12_6_Vernal,5.279119963,48.57848154,4.807512066
ALF16_4_13_1_OTTM,4.554776469,51.62900741,5.277166018
ALF16_4_13_2_OTTM,4.885171467,33.73136687,2.681522413
ALF16_4_13_4_OTTM,4.501179804,54.74327303,5.711882791
ALF16_4_13_5_OTTM,5.608373134,53.9925121,3.064898325
ALF16_4_13_6_OTTM,5.331574802,45.94322845,3.467081454
ALF16_4_14_1_OTTM,4.504305906,44.08620788,5.447306707
ALF16_4_14_2_OTTM,4.18428127,28.51921502,3.583568463
ALF16_4_14_3_OTTM,5.227507573,52.07166083,4.208857957
ALF16_4_14_4_OTTM,5.834700903,53.38606717,5.726067417
ALF16_4_14_6_OTTM,4.504305906,54.19077546,5.732213977
ALF16_4_15_1_EURO,4.266020372,35.52249389,4.187052073
ALF16_4_15_2_EURO,4.596415369,24.8036607,2.299824037
ALF16_4_15_3_EURO,4.819617037,30.54376766,1.873786126
ALF16_4_15_4_EURO,3.489222039,36.24997292,2.834199924
ALF16_4_15_5_EURO,6.480407032,48.32732488,5.752675512
ALF16_4_15_6_EURO,4.819617037,40.94631681,4.566356822
ALF16_4_16_1_CASIA,5.75814558,46.5752826,5.299796022
ALF16_4_16_3_CASIA,5.25814558,34.83705334,3.529169062
ALF16_4_16_4_CASIA,6.695733908,23.90984526,1.709910908
ALF16_4_16_5_CASIA,4.811742245,36.05674263,2.89674003
ALF16_4_16_6_CASIA,4.427750583,46.48940749,4.554683063
ALF16_4_17_1_EURO,5.188860977,37.79771975,4.542210514
ALF16_4_17_2_EURO,6.019255975,42.61918653,4.892234652
ALF16_4_17_3_EURO,5.57285264,34.29578576,3.135014982
ALF16_4_17_4_EURO,4.135264312,27.5575565,3.413992909
ALF16_4_17_5_EURO,4.135264312,32.73275554,4.628414222
ALF16_4_17_6_EURO,4.688860977,38.95027344,5.960259646
ALF16_4_18_1_SIBR,4.914725106,25.54989384,3.001143385
ALF16_4_18_2_SIBR,4.691523438,16.77842506,1.879258327
ALF16_4_2_1_SIBR,4.617553025,35.75373533,6.021222425
ALF16_4_2_2_SIBR,3.287158028,33.25373533,7.379400614
ALF16_4_2_3_SIBR,3.229153859,32.49196458,3.869535721
ALF16_4_2_4_SIBR,4.452355527,33.57299067,6.810592739
ALF16_4_2_5_SIBR,4.059548857,26.87769897,2.520484152
ALF16_4_2_6_SIBR,3.621960529,35.52035509,5.471197232
ALF16_4_3_1_EURO,3.572248862,34.77975046,5.60376964
ALF16_4_3_2_EURO,4.90264386,36.7211329,5.076270318
ALF16_4_3_3_EURO,5.621438023,47.33539851,5.293475356
ALF16_4_3_4_EURO,5.067841358,49.17819534,5.889655658
ALF16_4_3_5_EURO,4.539646437,14.54038824,1.272234918
ALF16_4_3_6_EURO,4.125845527,41.2590694,4.47778102
ALF16_4_4_1_EURO,5.599200268,44.52057991,4.477379191
ALF16_4_4_2_EURO,4.16161194,43.24911114,5.632396733
ALF16_4_4_3_EURO,3.831216943,29.92635806,3.526303567
ALF16_4_4_4_EURO,3.66161194,32.74775677,2.980807988
ALF16_4_4_5_EURO,4.438410273,39.56351747,5.078396328
ALF16_4_4_6_EURO,5.270545697,34.0441596,3.346595466
ALF16_4_5_1_CASIA,5.957451149,21.59352741,2.083263736
ALF16_4_5_3_CASIA,5.680652817,31.59150844,1.736275286
ALF16_4_5_4_CASIA,5.845850315,53.71062307,4.061668296
ALF16_4_5_5_CASIA,6.680652817,48.13929501,4.044145228
ALF16_4_5_6_CASIA,4.957451149,38.37267525,3.724538812
ALF16_4_6_1_SIBR,4.640307015,29.75251099,4.526138849
ALF16_4_6_2_SIBR,4.417105347,31.78575051,6.044341348
ALF16_4_6_3_SIBR,3.251907848,25.17633392,4.284941182
ALF16_4_6_5_SIBR,5.90829034,33.56691732,1.934562454
ALF16_4_6_6_SIBR,4.19390368,17.10500586,1.596093128
ALF16_4_7_1_Hybriforce3400,5.081593942,55.29100631,6.506015903
ALF16_4_7_2_Hybriforce3400,5.358392275,49.25291777,6.068252439
ALF16_4_7_3_Hybriforce3400,4.91198894,42.98144899,5.036928042
ALF16_4_7_4_Hybriforce3400,4.635190607,34.06247508,4.419292276
ALF16_4_7_5_Hybriforce3400,4.91198894,42.89557388,5.691251729
ALF16_4_7_6_Hybriforce3400,5.358392275,36.56247508,5.529396613
ALF16_4_8_1_EURO,5.23163292,47.37374625,5.128967892
ALF16_4_8_2_EURO,5.785229585,51.37859527,3.498293594
ALF16_4_8_3_EURO,3.73163292,39.40698577,5.132907619
ALF16_4_8_4_EURO,4.508431252,42.18330357,5.355674833
ALF16_4_8_5_EURO,4.861001376,44.78500307,2.272353043
ALF16_4_8_6_EURO,4.73163292,42.98801186,3.571600201
ALF16_4_9_1_OTTM,5.500182808,58.27550786,4.304619372
ALF16_4_9_2_OTTM,5.16978781,54.82078533,4.913581292
ALF16_4_9_3_OTTM,5.000182808,51.93989996,5.128110155
ALF16_4_9_4_OTTM,4.446586143,46.51607703,6.71470655
ALF16_4_9_5_OTTM,4.946586143,34.48283751,2.031387632
ALF16_4_9_6_OTTM,5.27698114,47.05798997,2.471306373
ALF16_5_1_1_SIBR,2.46934811,23.75389128,7.032083281
ALF16_5_1_2_SIBR,5.137490567,21.67771421,1.900149758
ALF16_5_1_3_SIBR,4.737331435,31.29682884,3.77532951
ALF16_5_1_4_SIBR,4.261147083,14.03020908,1.208463076
ALF16_5_1_5_SIBR,6.237331435,32.43948495,1.788526437
ALF16_5_1_6_SIBR,4.241738939,30.02536006,5.387255646
ALF16_5_10_2_EURO,5.775024557,32.85384332,2.37706299
ALF16_5_10_3_EURO,5.328621222,30.0741018,1.727853504
ALF16_5_10_4_EURO,4.721427892,36.95983619,4.584465642
ALF16_5_10_6_EURO,5.333028726,33.04086228,2.896227936
ALF16_5_11_1_EURO,4.397249186,31.31987898,4.298306432
ALF16_5_11_3_EURO,4.562446684,49.11488924,3.939718087
ALF16_5_11_4_EURO,4.616043349,34.47708214,3.932341749
ALF16_5_11_5_EURO,4.450845851,37.73885289,2.589231946
ALF16_5_11_6_EURO,5.834837513,36.55977228,2.788303925
ALF16_5_12_1_CASIA,5.312697512,47.84153237,4.776304335
ALF16_5_12_2_CASIA,5.64309251,46.09594309,4.667566277
ALF16_5_12_5_CASIA,5.171029107,20.47354937,0.847824382
ALF16_5_12_6_CASIA,5.631593273,28.94904573,1.970551099
ALF16_5_13_2_OTTM,4.898592737,42.60966836,3.96828058
ALF16_5_13_3_OTTM,5.068197739,44.23921552,2.97268726
ALF16_5_13_4_OTTM,5.844996072,66.52864226,6.192220512
ALF16_5_13_6_OTTM,3.557056891,33.72391934,2.72972667
ALF16_5_14_1_EURO,5.448392388,53.33814389,5.646401571
ALF16_5_14_2_EURO,4.394795723,34.55566178,4.205219603
ALF16_5_14_3_EURO,4.894795723,39.26752336,2.891764404
ALF16_5_14_4_EURO,4.894795723,42.48679609,5.024949869
ALF16_5_14_5_EURO,6.278787385,44.62062599,2.783522504
ALF16_5_15_1_CASIA,5.597518952,36.11545779,2.003410896
ALF16_5_15_2_CASIA,5.490325622,45.69163486,4.668359051
ALF16_5_15_5_CASIA,5.543922287,47.66324436,6.326011876
ALF16_5_15_6_CASIA,6.874317285,32.07642482,2.886056884
ALF16_5_16_1_55H94,3.899007915,48.74983355,5.990938686
ALF16_5_16_2_55H94,3.95260458,57.71174501,5.417396006
ALF16_5_16_3_55H94,4.729402912,46.94997427,3.032055445
ALF16_5_16_4_55H94,5.506201245,60.59263038,4.829875085
ALF16_5_16_5_55H94,4.175806247,54.40703671,6.448724181
ALF16_5_16_6_55H94,4.675806247,34.87379719,3.689462221
ALF16_5_17_1_CASIA,4.730964015,40.84830844,3.271530418
ALF16_5_17_2_CASIA,4.78456068,32.11977722,2.628945196
ALF16_5_17_3_CASIA,4.507762348,46.61007919,5.06964169
ALF16_5_17_4_CASIA,5.838157345,34.83698668,3.515190276
ALF16_5_17_6_CASIA,4.730964015,50.46742307,6.390318091
ALF16_5_18_2_SIBR,4.490588408,36.73174865,5.85668909
ALF16_5_18_4_SIBR,3.436991743,31.54130596,4.33772355
ALF16_5_18_5_SIBR,4.37458007,15.39864985,2.437874444
ALF16_5_18_6_SIBR,3.436991743,33.87878607,5.260297913
ALF16_5_19_1_OTTM,4.588932099,57.53256931,7.182208297
ALF16_5_19_2_OTTM,4.865730432,33.80403808,2.20135405
ALF16_5_19_3_OTTM,5.642528764,59.52287127,4.761019445
ALF16_5_19_4_OTTM,5.365730432,47.10874638,4.164269822
ALF16_5_19_5_OTTM,5.365730432,56.19826188,6.129542776
ALF16_5_19_6_OTTM,4.035335434,52.95639223,7.451246917
ALF16_5_2_1_EURO,4.193349331,39.40554416,5.274599994
ALF16_5_2_2_EURO,5.419695275,31.89485181,3.798129783
ALF16_5_2_3_EURO,6.019336825,42.44439675,3.980484124
ALF16_5_2_4_EURO,5.488692159,22.83906512,1.518918778
ALF16_5_2_5_EURO,5.800542661,29.68186196,2.426924244
ALF16_5_2_6_EURO,6.077340993,36.75803903,3.910712312
ALF16_5_20_1_Hybriforce3400,4.240044864,52.34545684,7.172477426
ALF16_5_20_2_Hybriforce3400,4.366294693,39.04074854,2.847791361
ALF16_5_20_3_Hybriforce3400,5.250286355,39.6979517,2.939335024
ALF16_5_20_4_Hybriforce3400,4.973488023,29.93133194,2.900235107
ALF16_5_20_5_Hybriforce3400,5.473488023,49.86935212,6.522511466
ALF16_5_21_1_SIBR,4.7587969,24.68504582,3.168426834
ALF16_5_21_2_SIBR,3.321208573,25.72313436,3.429405808
ALF16_5_21_3_SIBR,4.481998568,28.92327508,2.57528495
ALF16_5_21_4_SIBR,4.428401903,33.4565146,4.233602577
ALF16_5_21_5_SIBR,4.803988242,18.73283239,1.684889624
ALF16_5_21_6_SIBR,5.160320537,24.45166558,2.412380432
ALF16_5_22_3_CASIA,7.324104724,47.71428498,4.468597262
ALF16_5_22_4_CASIA,6.877701389,54.57304392,4.927073944
ALF16_5_22_5_CASIA,5.270508059,33.85144302,4.209096439
ALF16_5_23_1_EURO,5.972333283,31.34409788,2.100088458
ALF16_5_23_2_EURO,5.856019333,56.54263546,4.364966276
ALF16_5_23_4_EURO,4.865139953,34.986754,3.190743315
ALF16_5_23_5_EURO,4.311543288,47.82511756,5.516400355
ALF16_5_23_6_EURO,3.427551626,23.6536552,3.302802272
ALF16_5_24_1_CASIA,5.889983015,35.73268407,2.577593764
ALF16_5_24_2_CASIA,4.330574651,44.88503821,5.378755198
ALF16_5_24_4_CASIA,4.830574651,48.61356944,5.720673145
ALF16_5_24_6_CASIA,4.330574651,51.96121529,7.674062738
ALF16_5_3_1_CASIA,5.075207248,51.77532324,5.976401864
ALF16_5_3_3_CASIA,6.735997243,36.4222431,2.18781917
ALF16_5_3_4_CASIA,6.95919891,44.50870348,3.01695411
ALF16_5_3_5_CASIA,5.62287976,35.50351462,1.577872429
ALF16_5_4_1_SIBR,4.517781621,28.85175775,2.985319361
ALF16_5_4_3_SIBR,4.298987458,27.51865895,5.784192967
ALF16_5_4_4_SIBR,2.46859246,26.58513799,6.034519009
ALF16_5_4_5_SIBR,6.29017245,25.69362394,3.456841768
ALF16_5_4_6_SIBR,5.459777453,45.54704946,6.687456825
ALF16_5_5_1_EURO,5.161726777,40.05454411,5.690256127
ALF16_5_5_2_EURO,6.768920107,50.43542948,5.34609711
ALF16_5_5_3_EURO,3.942932614,33.01017279,3.125395323
ALF16_5_5_4_EURO,5.880520941,43.31631485,4.704829206
ALF16_5_5_5_EURO,6.380520941,47.59748166,5.079880098
ALF16_5_5_6_EURO,4.108130112,35.47836704,5.278036559
ALF16_5_6_1_EURO,5.36312381,36.21108301,5.055488577
ALF16_5_6_2_EURO,4.197926312,38.71108301,5.173944635
ALF16_5_6_3_EURO,5.032728813,32.04715728,3.389234874
ALF16_5_6_4_EURO,5.474724644,44.79210911,6.668298732
ALF16_5_6_5_EURO,4.809527145,28.94446325,4.672466303
ALF16_5_6_6_EURO,5.747115473,22.94931227,2.037945907
ALF16_5_7_1_SIBR,2.017166507,23.7786684,3.901050114
ALF16_5_7_2_SIBR,2.847561504,24.62631425,3.749628512
ALF16_5_7_3_SIBR,3.624359837,25.85484547,4.667141294
ALF16_5_7_4_SIBR,2.901158169,18.61386694,2.380432675
ALF16_5_7_5_SIBR,4.177956502,28.7786684,4.017402867
ALF16_5_7_6_SIBR,2.570763172,19.43587156,4.323414274
ALF16_5_8_2_SIBR,4.146753315,29.91713272,5.459299499
ALF16_5_8_3_SIBR,5.30754331,21.61242442,2.313963556
ALF16_5_8_4_SIBR,2.816358318,24.53624735,4.782918978
ALF16_5_8_6_SIBR,2.762761653,24.25992956,4.08368939
ALF16_5_9_1_OTTM,5.590988355,52.26368354,5.717380668
ALF16_5_9_2_OTTM,5.03739169,46.225595,3.585477636
ALF16_5_9_3_OTTM,5.090988355,26.91470614,2.393469949
ALF16_5_9_4_OTTM,4.814190023,33.77346509,2.209404072
ALF16_5_9_5_OTTM,4.760593358,40.93058474,4.729948459
ALF16_5_9_6_OTTM,6.367786688,45.50676181,4.433716917
ALF16_6_12_5_CASIA,6.708272743,39.89096951,3.095262141
ALF16_6_12_6_CASIA,6.008477065,31.67044977,3.512521966
ALF16_6_13_2_OTTM,4.155518948,29.38775455,2.081192364
ALF16_6_13_3_OTTM,4.75796612,40.12224139,4.533803391
ALF16_6_13_4_OTTM,3.704369455,52.77502071,6.109411512
ALF16_6_13_5_OTTM,4.811562785,51.73693217,6.75305819
ALF16_6_13_6_OTTM,4.811562785,51.3560468,4.789609716
ALF16_6_14_1_OTTM,3.945515388,55.79480206,5.702749337
ALF16_6_14_3_OTTM,4.168717055,48.20638845,4.939390761
ALF16_6_14_4_OTTM,4.445515388,53.71862499,6.677396744
ALF16_6_14_5_OTTM,5.659902048,41.86995056,2.126272409
ALF16_6_14_6_OTTM,4.2665211,49.27126058,6.354639784
ALF16_6_15_1_EURO,3.948525852,38.22998398,4.952987587
ALF16_6_15_2_EURO,3.894929187,36.55673868,4.243284918
ALF16_6_15_4_EURO,4.002122517,24.35394762,3.426764752
ALF16_6_15_5_EURO,4.725324184,47.08732786,6.360843701
ALF16_6_16_1_CASIA,4.381271527,53.04886778,5.96602326
ALF16_6_16_2_CASIA,6.00323291,30.90154471,1.47879428
ALF16_6_16_5_CASIA,4.104473195,44.57240927,4.955332092
ALF16_6_16_6_CASIA,5.381271527,45.65343536,4.755908385
ALF16_6_17_1_Vernal,4.027849883,44.00001752,4.787828532
ALF16_6_17_2_Vernal,3.974253218,50.48062145,7.833037052
ALF16_6_17_3_Vernal,4.304648215,47.79017877,7.083203603
ALF16_6_17_4_Vernal,4.25105155,44.89060093,7.157792882
ALF16_6_17_5_Vernal,3.804648215,47.68561119,6.422791232
ALF16_6_17_6_Vernal,5.005298102,45.72962629,4.519249525
ALF16_6_18_1_SIBR,3.703116167,31.70560933,4.866893036
ALF16_6_18_2_SIBR,4.65246823,16.98192713,3.342735156
ALF16_6_18_3_SIBR,4.256712832,17.3628125,2.96738122
ALF16_6_18_4_SIBR,3.649519502,35.43414056,4.340867981
ALF16_6_18_6_SIBR,3.926317835,33.21045835,7.44978133
ALF16_6_19_1_SIBR,4.335143051,39.08172454,6.22714797
ALF16_6_19_2_SIBR,4.227949721,39.27216723,5.79119147
ALF16_6_19_4_SIBR,3.174353056,27.81025576,5.244077371
ALF16_6_19_5_SIBR,4.004748054,28.46745893,3.063335697
ALF16_6_19_6_SIBR,3.781546386,32.38643284,3.96353572
ALF16_6_20_1_EURO,3.158715601,27.55915171,3.100903581
ALF16_6_20_2_EURO,3.731911457,13.82420362,2.038132295
ALF16_6_20_4_EURO,3.881917268,38.82655958,5.281315185
ALF16_6_20_5_EURO,3.158715601,21.98376275,2.768946799
ALF16_6_20_6_EURO,4.803289282,37.82985993,3.886168744
ALF16_6_21_1_OTTM,5.909281947,37.24200736,2.707125987
ALF16_6_21_2_OTTM,5.355685282,38.1747776,4.842011779
ALF16_6_21_4_OTTM,4.578886949,50.60981339,4.647497949
ALF16_6_21_5_OTTM,5.632483614,55.47988496,5.268638086
ALF16_6_21_6_OTTM,5.462878612,51.18609023,4.49970131
ALF16_6_22_1_SIBR,5.189709,18.82881305,2.729646056
ALF16_6_22_4_SIBR,4.412910668,24.5518906,3.090607472
ALF16_6_22_5_SIBR,3.752120673,28.13291669,5.037440395
ALF16_6_22_6_SIBR,3.47532234,29.2755728,4.62218716
ALF16_6_23_1_CASIA,4.625891435,48.46231659,6.940372366
ALF16_6_23_2_CASIA,4.625891435,46.38613952,4.704633467
ALF16_6_23_3_CASIA,5.125891435,47.46716561,5.395901194
ALF16_6_23_4_CASIA,5.1794881,46.44776954,5.606926753
ALF16_6_23_5_CASIA,5.509883097,39.73378537,4.175952756
ALF16_6_24_1_OTTM,5.537082944,46.64685453,6.446016164
ALF16_6_24_2_OTTM,4.590679609,27.11361501,2.744475877
ALF16_6_24_3_OTTM,5.537082944,56.56097943,6.277572764
ALF16_6_24_4_OTTM,5.144276274,52.70708547,6.859016501
ALF16_6_24_5_OTTM,4.537082944,55.84832652,6.148301641
ALF16_6_24_6_OTTM,4.760284611,54.01804187,7.621286937
ALF16_7_1_1_EURO,6.383794065,45.03121051,4.103208248
ALF16_7_1_2_EURO,5.94816703,16.34561684,1.315989856
ALF16_7_1_3_EURO,4.660592397,37.95503344,4.055109713
ALF16_7_1_4_EURO,4.553399067,38.18841368,6.344871373
ALF16_7_1_5_EURO,5.718596566,54.56445003,5.785117705
ALF16_7_1_6_EURO,5.776600735,44.18356466,6.355431703
ALF16_7_10_1_CASIA,6.799413465,30.31611853,2.748290018
ALF16_7_10_2_CASIA,5.692220135,39.3149761,4.309425828
ALF16_7_10_3_CASIA,5.7458168,36.89884279,4.010239704
ALF16_7_11_1_EURO,5.548116314,54.0403368,4.616743901
ALF16_7_11_2_EURO,5.260947035,30.88753382,2.172189472
ALF16_7_11_3_EURO,5.106120483,21.5403368,2.580874877
ALF16_7_11_4_EURO,4.994519649,25.08282552,3.032914352
ALF16_7_11_5_EURO,5.052523818,42.73033065,4.588845642
ALF16_7_11_6_EURO,4.940922984,45.88753382,5.633790445
ALF16_7_12_1_OTTM,4.592102803,52.12521849,5.024142765
ALF16_7_12_2_OTTM,5.257300302,42.97286434,3.101407494
ALF16_7_12_4_OTTM,5.092102803,43.31081216,3.45054966
ALF16_7_12_5_OTTM,5.752892798,34.20139556,2.890630933
ALF16_7_12_6_OTTM,5.092102803,60.15360899,5.748594423
ALF16_7_13_1_Genoa,3.27222403,45.03468118,7.220590243
ALF16_7_13_2_Genoa,4.325820695,50.18218631,6.508758289
ALF16_7_13_3_Genoa,4.27222403,60.36648314,7.921858478
ALF16_7_13_4_Genoa,3.549022362,49.5679207,6.62288108
ALF16_7_13_5_Genoa,5.040207355,32.30130094,2.764935594
ALF16_7_13_6_Genoa,4.602619027,57.49174362,6.016589166
ALF16_7_14_1_SIBR,2.885955187,27.28964579,5.416512119
ALF16_7_14_2_SIBR,4.546745182,15.91360943,3.633492496
ALF16_7_14_4_SIBR,3.779461602,27.79934382,2.467069958
ALF16_7_14_5_SIBR,3.716350184,37.56596358,5.339125824
ALF16_7_14_6_SIBR,3.662753519,34.64214065,5.476253372
ALF16_7_15_1_SIBR,4.341924212,18.74859833,2.140925923
ALF16_7_15_3_SIBR,4.234730882,32.5200671,4.773873741
ALF16_7_15_4_SIBR,5.67231921,25.86771296,2.55991549
ALF16_7_15_5_SIBR,3.681134217,25.72020782,4.36426818
ALF16_7_15_6_SIBR,3.95793255,30.0200671,5.147911585
ALF16_7_16_1_CASIA,4.339652391,34.25492518,4.028034638
ALF16_7_16_3_CASIA,6.446845721,39.72168566,2.156490236
ALF16_7_16_6_CASIA,4.562854058,42.30756076,5.112735756
ALF16_7_17_1_EURO,4.458889883,40.13669903,3.301922801
ALF16_7_17_2_EURO,3.682091551,34.92160633,4.899812895
ALF16_7_17_4_EURO,5.066083213,31.93655831,3.312896771
ALF16_7_17_5_EURO,5.619679878,53.48768382,4.386685676
ALF16_7_17_6_EURO,5.289284881,40.70802709,3.763916172
ALF16_7_18_2_OTTM,4.745290541,32.93442963,3.549773891
ALF16_7_2_2_SIBR,3.238821287,22.3560028,5.460290272
ALF16_7_2_5_SIBR,2.738821287,22.77982572,4.910027157
ALF16_7_2_6_SIBR,6.230006279,31.88924232,5.096819065
ALF16_7_3_2_SIBR,4.461566539,34.46150801,4.163881214
ALF16_7_3_3_SIBR,4.29636904,30.26621631,5.497691896
ALF16_7_3_4_SIBR,4.184768206,35.73297679,3.56200078
ALF16_7_3_5_SIBR,2.854373209,24.6519507,6.041080175
ALF16_7_3_6_SIBR,5.791961536,38.9751416,4.745418091
ALF16_7_4_2_OTTM,5.324187769,64.8697727,5.654024543
ALF16_7_4_3_OTTM,4.324187769,57.41271025,6.689857007
ALF16_7_4_4_OTTM,4.047389437,53.21741855,6.877490199
ALF16_7_4_5_OTTM,4.324187769,51.0366739,6.800115841
ALF16_7_4_6_OTTM,4.600986102,45.56991342,7.692434119
ALF16_7_5_1_SIBR,3.446452235,42.27775428,5.034658297
ALF16_7_5_2_SIBR,4.0000489,32.83038987,4.38618544
ALF16_7_5_3_SIBR,3.723250568,31.70642623,4.99679836
ALF16_7_5_4_SIBR,4.553645565,32.17318671,4.320589573
ALF16_7_5_5_SIBR,4.5000489,34.67318671,4.293093846
ALF16_7_5_6_SIBR,4.5000489,37.27775428,5.710707272
ALF16_7_6_1_55H94,5.110512067,50.30264251,5.994179055
ALF16_7_6_2_55H94,5.940907064,50.383434,4.276218393
ALF16_7_6_3_55H94,5.775709565,54.73131445,5.632721487
ALF16_7_6_4_55H94,6.387310399,61.57411129,6.318872523
ALF16_7_6_5_55H94,5.503318737,55.68352788,5.367924429
ALF16_7_6_6_55H94,4.668516235,56.76455397,6.719779369
ALF16_7_7_1_EURO,4.227126079,28.28102905,2.653471291
ALF16_7_7_2_EURO,4.615525245,48.47147174,5.189604132
ALF16_7_7_3_EURO,4.945920242,33.66191443,4.110749824
ALF16_7_7_4_EURO,4.970227204,19.82881563,1.060360644
ALF16_7_7_5_EURO,4.227126079,45.7380915,5.388391373
ALF16_7_7_6_EURO,4.615525245,31.15228962,2.795021656
ALF16_7_8_1_OTTM,5.109838138,46.67218047,4.377020927
ALF16_7_8_2_OTTM,4.940233136,52.07986262,6.236991831
ALF16_7_8_3_OTTM,4.498237304,40.89426895,5.159997836
ALF16_7_8_4_OTTM,5.163434803,51.42265946,4.76349883
ALF16_7_8_5_OTTM,5.386636471,42.94433118,2.978749256
ALF16_7_8_6_OTTM,4.886636471,39.63081834,4.621072178
ALF16_7_9_1_OTTM,5.378351317,65.48072993,6.169101667
ALF16_7_9_2_OTTM,4.878351317,52.56266309,4.769440667
ALF16_7_9_3_OTTM,5.985544647,36.98638625,3.816237985
ALF16_7_9_4_OTTM,6.539141312,37.26408957,3.372768429
ALF16_7_9_5_OTTM,4.155149649,45.1276273,4.282507585
ALF16_7_9_6_OTTM,4.655149649,56.71145398,5.990862293
ALF16_8_11_3_55H94,5.926267825,56.98438136,4.048414179
ALF16_8_11_4_55H94,4.319074495,55.09864697,6.211386233
ALF16_8_11_5_55H94,4.87267116,60.14158452,5.912614839
ALF16_8_11_6_55H94,4.319074495,55.72449784,6.335205991
ALF16_8_12_1_SIBR,3.94811866,38.47677965,3.915838576
ALF16_8_12_2_SIBR,2.894521995,21.25309744,3.056820174
ALF16_8_12_3_SIBR,3.171320328,27.90545159,5.045464571
ALF16_8_12_4_SIBR,4.166912824,36.16722233,4.185570713
ALF16_8_12_5_SIBR,3.724916993,26.21015989,3.592404997
ALF16_8_12_6_SIBR,4.55531199,20.63883183,3.144610359
ALF16_8_13_1_EURO,5.398182344,26.74818819,2.390765032
ALF16_8_13_2_EURO,4.567787346,38.1671621,4.449278872
ALF16_8_13_3_EURO,6.344585679,55.00995894,5.47469169
ALF16_8_13_4_EURO,3.737392349,28.35760479,3.401560335
ALF16_8_13_5_EURO,4.844585679,36.93863088,3.767010758
ALF16_8_13_6_EURO,4.737392349,37.93378186,4.805451909
ALF16_8_14_1_CASIA,5.076743634,42.85971755,4.906851953
ALF16_8_14_2_CASIA,6.737533629,42.82773905,2.699008465
ALF16_8_14_3_CASIA,5.683936964,32.72317148,2.500992003
ALF16_8_14_4_CASIA,5.907138631,40.7381947,2.606360596
ALF16_8_14_5_CASIA,5.460735296,42.59695365,4.565563437
ALF16_8_14_6_CASIA,6.291130294,18.2381947,1.920465199
ALF16_8_15_2_SIBR,3.563356317,36.54488734,4.870516563
ALF16_8_15_3_SIBR,4.116952982,27.09752292,4.575196061
ALF16_8_15_4_SIBR,4.116952982,39.00194978,5.900501711
ALF16_8_15_6_SIBR,3.34015465,36.73533002,5.963806979
ALF16_8_16_2_EURO,5.423628785,41.19935625,3.911718865
ALF16_8_16_3_EURO,4.816435455,33.31847088,3.95429499
ALF16_8_16_5_EURO,3.986040458,39.13428116,5.485792152
ALF16_8_16_6_EURO,4.816435455,44.97082503,5.348212917
ALF16_8_17_1_CASIA,4.403919824,44.50124952,5.659283515
ALF16_8_17_2_CASIA,5.903919824,48.92497268,3.004819421
ALF16_8_17_3_CASIA,5.127121491,36.53109025,4.725238367
ALF16_8_17_5_CASIA,5.234314821,42.99300171,5.889852253
ALF16_8_17_6_CASIA,5.403919824,43.20213687,4.519844891
ALF16_8_18_1_OTTM,4.486030087,57.42526239,7.018716995
ALF16_8_18_2_OTTM,4.486030087,52.42526239,6.376617594
ALF16_8_18_3_OTTM,4.816425084,50.85878335,5.974427338
ALF16_8_18_5_OTTM,4.262828419,55.34908532,6.555433591
ALF16_8_18_6_OTTM,5.423618414,51.15379361,4.228969926
ALF16_8_19_1_OTTM,5.542403319,52.65336128,5.3127272
ALF16_8_19_2_OTTM,5.372798316,46.70009937,4.657873591
ALF16_8_19_3_OTTM,5.149596649,36.23438737,4.078612222
ALF16_8_19_4_OTTM,6.256789979,46.27732492,4.311230118
ALF16_8_19_5_OTTM,5.426394981,47.27247591,4.751526855
ALF16_8_19_6_OTTM,3.542403319,36.84865298,4.868119624
ALF16_8_20_1_Genoa,5.777688391,47.98003045,5.562783913
ALF16_8_20_2_Genoa,5.224091726,44.48487947,5.412056472
ALF16_8_20_3_Genoa,5.724091726,57.59914508,6.966941866
ALF16_8_20_4_Genoa,6.000890059,51.66562412,5.108978251
ALF16_8_20_5_Genoa,5.000890059,46.09429607,5.646124486
ALF16_8_20_6_Genoa,3.893696729,42.74665022,5.040045585
ALF16_8_21_1_EURO,5.889299917,32.90343133,3.209384176
ALF16_8_21_2_EURO,4.174913257,41.63196255,6.463459423
ALF16_8_21_3_EURO,4.728509922,50.08417598,4.357895049
ALF16_8_21_4_EURO,5.389299917,34.46991037,3.124677697
ALF16_8_21_5_EURO,4.55890492,33.79401474,3.230003044
ALF16_8_21_6_EURO,4.228509922,40.12734181,4.850734222
ALF16_8_22_1_OTTM,4.594597281,52.53181133,6.617282504
ALF16_8_22_2_OTTM,5.978588943,61.98989252,4.892118806
ALF16_8_22_3_OTTM,4.817798948,60.22955198,6.292394928
ALF16_8_22_4_OTTM,5.648193946,52.62614666,5.372244913
ALF16_8_22_5_OTTM,4.817798948,62.21255598,5.358180498
ALF16_8_23_1_55H94,4.76886109,44.46786861,2.87770701
ALF16_8_23_2_55H94,4.899546107,51.96786861,4.867772574
ALF16_8_23_3_55H94,4.622747775,47.01080616,4.497647525
ALF16_8_23_4_55H94,6.229941105,51.92493106,3.639762866
ALF16_8_23_5_55H94,5.989100779,59.61537374,5.588165135
ALF16_8_23_6_55H94,3.845949442,55.08213422,6.614545151
ALF16_8_24_1_CASIA,5.675631332,30.12787702,1.956284229
ALF16_8_24_2_CASIA,5.398832999,36.73729362,3.568249305
ALF16_8_24_3_CASIA,4.738043004,52.81831971,6.018977931
ALF16_8_24_4_CASIA,5.461244672,59.4277363,5.563327124
ALF16_8_24_5_CASIA,4.961244672,46.73729362,5.899829949
ALF16_8_24_6_CASIA,6.122034667,32.02514529,2.548146755