"SampleID","VIG"
"ALF16_1_1_1_OTTM",3.81665024537707
"ALF16_1_1_2_OTTM",4.34895080814099
"ALF16_1_1_3_OTTM",6.04178633684837
"ALF16_1_1_4_OTTM",5.54706266713543
"ALF16_1_1_5_OTTM",0.790706475582382
"ALF16_1_1_6_OTTM",6.18671275450092
"ALF16_1_10_1_OTTM",1.22225577808282
"ALF16_1_10_2_OTTM",3.59365481822568
"ALF16_1_10_3_OTTM",2.41401180462974
"ALF16_1_10_4_OTTM",6.40784236524314
"ALF16_1_10_5_OTTM",5.77721861689143
"ALF16_1_10_6_OTTM",5.9593222325332
"ALF16_1_11_3_SIBR",3.22273831403137
"ALF16_1_11_4_SIBR",4.52776618719028
"ALF16_1_11_5_SIBR",3.48504120156844
"ALF16_1_11_6_SIBR",4.4315970669806
"ALF16_1_12_1_EURO",4.1041503684731
"ALF16_1_12_2_EURO",1.31065951779142
"ALF16_1_12_3_EURO",6.09161959877887
"ALF16_1_12_4_EURO",4.3261172839449
"ALF16_1_12_5_EURO",3.58219321234722
"ALF16_1_12_6_EURO",3.87626317592254
"ALF16_1_13_1_SIBR",1.38091357458258
"ALF16_1_13_2_SIBR",3.62248979993914
"ALF16_1_13_4_SIBR",5.54181671756253
"ALF16_1_13_5_SIBR",2.14907182696773
"ALF16_1_13_6_SIBR",3.41495648305091
"ALF16_1_14_1_OTTM",6.56377380457233
"ALF16_1_14_2_OTTM",4.97216926978083
"ALF16_1_14_3_OTTM",5.55222065290638
"ALF16_1_14_4_OTTM",6.36935593923849
"ALF16_1_14_5_OTTM",5.8616550635561
"ALF16_1_14_6_OTTM",4.16248272966869
"ALF16_1_15_1_SIBR",4.90886160356827
"ALF16_1_15_2_SIBR",6.94800002677674
"ALF16_1_15_3_SIBR",3.24789092092579
"ALF16_1_15_4_SIBR",3.7178549407617
"ALF16_1_15_5_SIBR",2.23073411328106
"ALF16_1_15_6_SIBR",1.51447337171709
"ALF16_1_16_1_CASIA",2.90342998859892
"ALF16_1_16_2_CASIA",4.12935743142827
"ALF16_1_16_3_CASIA",1.83556928549453
"ALF16_1_16_5_CASIA",3.27817724202734
"ALF16_1_17_1_EURO",5.17705099154889
"ALF16_1_17_3_EURO",5.31836034689626
"ALF16_1_17_6_EURO",5.17204373189985
"ALF16_1_18_1_CASIA",3.4123169659355
"ALF16_1_18_2_CASIA",4.44140031557056
"ALF16_1_18_3_CASIA",3.19363214271904
"ALF16_1_18_4_CASIA",2.98814193942874
"ALF16_1_18_5_CASIA",2.30709495670214
"ALF16_1_18_6_CASIA",3.75501329970555
"ALF16_1_19_1_OTTM",8.13562393458725
"ALF16_1_19_2_OTTM",2.53663390598724
"ALF16_1_19_3_OTTM",6.41404372292436
"ALF16_1_19_5_OTTM",4.604915191302
"ALF16_1_19_6_OTTM",6.062967757119
"ALF16_1_2_1_SIBR",1.31284385594763
"ALF16_1_2_2_SIBR",3.23001836436925
"ALF16_1_2_3_SIBR",6.61641525053644
"ALF16_1_2_4_SIBR",1.97414734663736
"ALF16_1_2_5_SIBR",7.08131860263651
"ALF16_1_2_6_SIBR",2.46574679192054
"ALF16_1_20_1_CASIA",4.14322093593514
"ALF16_1_20_2_CASIA",5.39828191975686
"ALF16_1_20_3_CASIA",2.18547101109278
"ALF16_1_20_4_CASIA",6.76665478902286
"ALF16_1_20_6_CASIA",5.36194625779171
"ALF16_1_21_1_EURO",4.08568762622041
"ALF16_1_21_2_EURO",2.51462571319415
"ALF16_1_21_4_EURO",4.93498064838452
"ALF16_1_21_5_EURO",6.09214375220103
"ALF16_1_21_6_EURO",4.90101910187522
"ALF16_1_22_1_EURO",3.47961873450061
"ALF16_1_22_2_EURO",3.64659423916323
"ALF16_1_22_3_EURO",2.72704468717704
"ALF16_1_22_4_EURO",6.05438742799736
"ALF16_1_22_6_EURO",3.56227232496339
"ALF16_1_23_1_CASIA",2.14503378816176
"ALF16_1_23_2_CASIA",5.28895605690706
"ALF16_1_23_3_CASIA",4.75246602830705
"ALF16_1_23_4_CASIA",4.95381823762261
"ALF16_1_23_5_CASIA",3.82200862272405
"ALF16_1_23_6_CASIA",2.7248603008086
"ALF16_1_24_1_Vernal",3.52660758583295
"ALF16_1_24_2_Vernal",5.28374004413589
"ALF16_1_24_3_Vernal",4.32807709282627
"ALF16_1_24_4_Vernal",6.34031667951604
"ALF16_1_24_5_Vernal",5.48961508879627
"ALF16_1_24_6_Vernal",6.42511213670427
"ALF16_1_3_1_OTTM",5.74372902095705
"ALF16_1_3_2_OTTM",4.96856288515612
"ALF16_1_3_3_OTTM",7.40236275088137
"ALF16_1_3_4_OTTM",6.87821112428444
"ALF16_1_3_5_OTTM",3.55212009480416
"ALF16_1_3_6_OTTM",2.90726967926418
"ALF16_1_4_1_EURO",4.47144116280197
"ALF16_1_4_3_EURO",5.76998781715702
"ALF16_1_4_4_EURO",2.15436743812028
"ALF16_1_4_5_EURO",1.63357208794987
"ALF16_1_4_6_EURO",4.84988413688177
"ALF16_1_5_1_SIBR",4.9036069828841
"ALF16_1_5_2_SIBR",6.18884024018589
"ALF16_1_5_3_SIBR",1.54041051072194
"ALF16_1_5_4_SIBR",5.83881019562311
"ALF16_1_5_6_SIBR",4.26574377601378
"ALF16_1_6_1_EURO",2.87600816576079
"ALF16_1_6_3_EURO",3.08026820543325
"ALF16_1_6_4_EURO",2.64711750804085
"ALF16_1_6_5_EURO",1.37252932462551
"ALF16_1_6_6_EURO",4.40347071628073
"ALF16_1_7_1_CASIA",4.65057802805494
"ALF16_1_7_2_CASIA",6.23925991635503
"ALF16_1_7_3_CASIA",4.28998657845698
"ALF16_1_7_6_CASIA",2.08623667395985
"ALF16_1_8_1_OTTM",2.84269501972231
"ALF16_1_8_2_OTTM",3.82954645234024
"ALF16_1_8_3_OTTM",6.63222724985209
"ALF16_1_8_4_OTTM",6.80133971089418
"ALF16_1_8_5_OTTM",7.01632059815686
"ALF16_1_8_6_OTTM",5.7384587053973
"ALF16_1_9_1_EURO",2.36940157031946
"ALF16_1_9_2_EURO",4.83664990545931
"ALF16_1_9_4_EURO",8.38211281435811
"ALF16_1_9_5_EURO",3.09945173851538
"ALF16_1_9_6_EURO",4.38003852213817
"ALF16_2_1_1_EURO",7.99457768496873
"ALF16_2_1_2_EURO",6.06697777996299
"ALF16_2_1_3_EURO",8.2091522883846
"ALF16_2_1_5_EURO",4.42261112208642
"ALF16_2_1_6_EURO",7.29982801177513
"ALF16_2_10_1_SIBR",1.53718169548996
"ALF16_2_10_2_SIBR",4.55584318039167
"ALF16_2_10_4_SIBR",2.51814915546984
"ALF16_2_10_5_SIBR",6.13697200795101
"ALF16_2_10_6_SIBR",4.82579348896589
"ALF16_2_11_1_EURO",1.75046652107203
"ALF16_2_11_2_EURO",4.11032163200923
"ALF16_2_11_3_EURO",4.4715514128732
"ALF16_2_11_4_EURO",1.73870752171747
"ALF16_2_12_2_CASIA",0.562953804415486
"ALF16_2_12_4_CASIA",1.05152266303944
"ALF16_2_12_5_CASIA",7.41454373802125
"ALF16_2_13_2_OTTM",2.29571981335378
"ALF16_2_13_3_OTTM",3.19169222404254
"ALF16_2_13_4_OTTM",5.29575026899666
"ALF16_2_13_6_OTTM",4.61798871035877
"ALF16_2_14_3_Hybriforce3400",3.80980385892382
"ALF16_2_14_4_Hybriforce3400",5.27594921654011
"ALF16_2_14_5_Hybriforce3400",2.928120148679
"ALF16_2_14_6_Hybriforce3400",4.59611339702103
"ALF16_2_15_4_CASIA",4.65989748376925
"ALF16_2_15_5_CASIA",5.6723792952287
"ALF16_2_15_6_CASIA",3.0047342314756
"ALF16_2_16_6_EURO",4.36838337619213
"ALF16_2_17_1_OTTM",5.07514109090183
"ALF16_2_17_2_OTTM",1.37164016576635
"ALF16_2_17_3_OTTM",3.13572252465446
"ALF16_2_17_4_OTTM",4.38917974553165
"ALF16_2_17_5_OTTM",4.35928729900461
"ALF16_2_17_6_OTTM",5.16266274969807
"ALF16_2_18_2_SIBR",1.73864521345837
"ALF16_2_18_3_SIBR",3.4001590591519
"ALF16_2_19_1_OTTM",1.78887284843118
"ALF16_2_19_2_OTTM",2.58577625608791
"ALF16_2_19_5_OTTM",5.62808509428883
"ALF16_2_19_6_OTTM",6.45002385083736
"ALF16_2_2_1_CASIA",3.65524380499049
"ALF16_2_2_2_CASIA",5.89645858900463
"ALF16_2_2_4_CASIA",3.29209630576209
"ALF16_2_2_5_CASIA",6.72470538272072
"ALF16_2_20_1_SIBR",4.67205466972053
"ALF16_2_20_2_SIBR",0.830586973560579
"ALF16_2_20_3_SIBR",2.69706190108259
"ALF16_2_20_4_SIBR",4.56602594216319
"ALF16_2_20_5_SIBR",1.00269281244162
"ALF16_2_20_6_SIBR",3.43205648055392
"ALF16_2_21_2_EURO",3.33869702832091
"ALF16_2_21_4_EURO",2.4862576021976
"ALF16_2_21_5_EURO",3.30776489928897
"ALF16_2_22_1_SIBR",3.67908366034981
"ALF16_2_22_2_SIBR",3.45977978515685
"ALF16_2_22_3_SIBR",1.22576104112368
"ALF16_2_22_4_SIBR",1.43170878235946
"ALF16_2_22_5_SIBR",1.25049158257063
"ALF16_2_23_3_OTTM",6.14821290438162
"ALF16_2_23_4_OTTM",2.71311078657847
"ALF16_2_24_1_SIBR",3.50536042603767
"ALF16_2_24_2_SIBR",2.37557464939875
"ALF16_2_24_3_SIBR",2.44222760606843
"ALF16_2_24_4_SIBR",4.39035693254204
"ALF16_2_24_5_SIBR",2.07003541921042
"ALF16_2_24_6_SIBR",2.85218466125359
"ALF16_2_3_1_55H94",3.04934662110318
"ALF16_2_3_2_55H94",4.55057374182166
"ALF16_2_3_3_55H94",5.08659476523728
"ALF16_2_3_4_55H94",5.35380992687971
"ALF16_2_3_5_55H94",6.14454043506677
"ALF16_2_3_6_55H94",6.83722095479525
"ALF16_2_4_1_CASIA",2.12558689519996
"ALF16_2_4_2_CASIA",5.50954949399865
"ALF16_2_4_4_CASIA",2.21278795867922
"ALF16_2_4_6_CASIA",2.74625149176875
"ALF16_2_5_1_Genoa",2.35108373537134
"ALF16_2_5_2_Genoa",4.45396694967515
"ALF16_2_5_3_Genoa",7.00621388392665
"ALF16_2_5_4_Genoa",5.98068313238604
"ALF16_2_5_5_Genoa",1.97014462333865
"ALF16_2_5_6_Genoa",6.9134273175228
"ALF16_2_6_2_CASIA",3.81320434066898
"ALF16_2_6_3_CASIA",4.28805587931394
"ALF16_2_6_6_CASIA",1.47324382540075
"ALF16_2_7_3_OTTM",3.91420654226462
"ALF16_2_7_4_OTTM",5.48922382272748
"ALF16_2_7_5_OTTM",5.48396537385335
"ALF16_2_7_6_OTTM",6.18304381607639
"ALF16_2_8_2_CASIA",5.18190875134834
"ALF16_2_8_3_CASIA",2.78738824500059
"ALF16_2_8_4_CASIA",2.40564675850821
"ALF16_2_8_6_CASIA",3.49991528480938
"ALF16_2_9_2_Vernal",5.32742765152723
"ALF16_2_9_4_Vernal",1.90873921161247
"ALF16_2_9_5_Vernal",5.20346248734164
"ALF16_3_1_1_OTTM",8.14233032577938
"ALF16_3_1_2_OTTM",7.41018707180313
"ALF16_3_1_3_OTTM",5.14828180792895
"ALF16_3_1_4_OTTM",6.2174469811128
"ALF16_3_10_1_EURO",1.13124050401396
"ALF16_3_10_2_EURO",3.32698363466971
"ALF16_3_10_3_EURO",4.53196322926271
"ALF16_3_10_5_EURO",3.59359011562587
"ALF16_3_10_6_EURO",0.577429308489702
"ALF16_3_11_1_SIBR",2.09390143746573
"ALF16_3_11_2_SIBR",3.65424865654288
"ALF16_3_11_3_SIBR",5.27756541892061
"ALF16_3_11_5_SIBR",2.07500274844615
"ALF16_3_11_6_SIBR",1.84416446154692
"ALF16_3_12_1_CASIA",3.15782405776405
"ALF16_3_12_3_CASIA",1.54913452815686
"ALF16_3_12_5_CASIA",1.80538977039555
"ALF16_3_13_1_SIBR",2.41392496403438
"ALF16_3_13_3_SIBR",2.54022705867616
"ALF16_3_14_2_OTTM",4.4226585733892
"ALF16_3_14_3_OTTM",4.94668461846053
"ALF16_3_14_4_OTTM",5.23632287206502
"ALF16_3_14_5_OTTM",3.73983839427793
"ALF16_3_14_6_OTTM",2.20929772685472
"ALF16_3_15_1_EURO",5.64530968499546
"ALF16_3_15_2_EURO",4.01467001849182
"ALF16_3_15_3_EURO",5.80153340404294
"ALF16_3_15_4_EURO",5.4972958594508
"ALF16_3_15_5_EURO",3.78720446145829
"ALF16_3_16_2_CASIA",0.812145452778033
"ALF16_3_16_3_CASIA",5.68931749400554
"ALF16_3_16_4_CASIA",4.49780319998596
"ALF16_3_16_5_CASIA",4.0782814260466
"ALF16_3_16_6_CASIA",2.72056918727049
"ALF16_3_17_1_SIBR",4.08756703759049
"ALF16_3_17_2_SIBR",1.52748239825896
"ALF16_3_17_3_SIBR",1.02393105648769
"ALF16_3_17_5_SIBR",2.20659657514018
"ALF16_3_17_6_SIBR",4.99063402767203
"ALF16_3_18_1_Hybriforce3400",4.62775344300772
"ALF16_3_18_2_Hybriforce3400",6.79819826841502
"ALF16_3_18_4_Hybriforce3400",4.98616844306644
"ALF16_3_18_5_Hybriforce3400",6.73210193566223
"ALF16_3_18_6_Hybriforce3400",5.19179689194095
"ALF16_3_19_1_OTTM",6.05188388223162
"ALF16_3_19_2_OTTM",2.47848606177357
"ALF16_3_19_3_OTTM",6.08617469558881
"ALF16_3_19_4_OTTM",4.46890843764173
"ALF16_3_19_5_OTTM",5.81905557291451
"ALF16_3_19_6_OTTM",1.99880094469392
"ALF16_3_2_1_CASIA",4.92938936381644
"ALF16_3_2_2_CASIA",3.25226615068623
"ALF16_3_2_3_CASIA",3.68803494569396
"ALF16_3_2_4_CASIA",2.63830006238242
"ALF16_3_2_5_CASIA",2.95230101383823
"ALF16_3_20_1_SIBR",4.24952810652084
"ALF16_3_20_3_SIBR",2.2584575158601
"ALF16_3_20_4_SIBR",3.11325241401445
"ALF16_3_20_5_SIBR",2.72648501827589
"ALF16_3_20_6_SIBR",1.2856514267739
"ALF16_3_21_1_CASIA",4.60470765722999
"ALF16_3_21_2_CASIA",4.56986709180404
"ALF16_3_21_3_CASIA",3.09570823384505
"ALF16_3_21_4_CASIA",2.23182962706505
"ALF16_3_21_6_CASIA",3.05383719575767
"ALF16_3_22_2_CASIA",3.92201217344084
"ALF16_3_22_3_CASIA",5.0281620941356
"ALF16_3_22_4_CASIA",3.49484441163015
"ALF16_3_22_5_CASIA",2.40511688195221
"ALF16_3_22_6_CASIA",1.70695591567121
"ALF16_3_23_1_EURO",2.97953568315587
"ALF16_3_23_2_EURO",4.83309112735454
"ALF16_3_23_3_EURO",4.58857263082697
"ALF16_3_24_1_EURO",6.82900600333676
"ALF16_3_24_2_EURO",2.16462492812009
"ALF16_3_24_4_EURO",6.04025650479417
"ALF16_3_24_5_EURO",3.75908822591561
"ALF16_3_24_6_EURO",2.25072817889481
"ALF16_3_3_1_CASIA",4.3307284530497
"ALF16_3_3_2_CASIA",2.3532346361129
"ALF16_3_3_3_CASIA",2.94953835590427
"ALF16_3_3_4_CASIA",3.86370771031215
"ALF16_3_3_5_CASIA",2.6629406433507
"ALF16_3_3_6_CASIA",2.7562893319402
"ALF16_3_4_1_OTTM",5.0423697174477
"ALF16_3_4_2_OTTM",2.90756116501113
"ALF16_3_4_3_OTTM",5.13480227676991
"ALF16_3_4_6_OTTM",2.84882721090412
"ALF16_3_5_1_SIBR",1.41536081435799
"ALF16_3_5_2_SIBR",1.08721695518809
"ALF16_3_5_3_SIBR",4.47259477728853
"ALF16_3_5_4_SIBR",4.69774147718472
"ALF16_3_5_5_SIBR",1.97812737706558
"ALF16_3_5_6_SIBR",3.20488421299727
"ALF16_3_6_1_OTTM",6.16056598025445
"ALF16_3_6_2_OTTM",4.39379974554731
"ALF16_3_6_3_OTTM",5.47006221515757
"ALF16_3_6_4_OTTM",4.79196690750301
"ALF16_3_6_5_OTTM",4.40087230173997
"ALF16_3_6_6_OTTM",6.77192509776465
"ALF16_3_7_1_CASIA",3.49425884877702
"ALF16_3_7_2_CASIA",4.67347406996663
"ALF16_3_7_3_CASIA",2.36495196084906
"ALF16_3_7_4_CASIA",8.49671851872365
"ALF16_3_7_5_CASIA",1.73288787931363
"ALF16_3_7_6_CASIA",3.96091899541522
"ALF16_3_8_1_SIBR",4.16515084549354
"ALF16_3_8_2_SIBR",2.61859180975318
"ALF16_3_8_3_SIBR",3.58206703321218
"ALF16_3_8_4_SIBR",4.95230218413447
"ALF16_3_8_5_SIBR",1.95431601468688
"ALF16_3_8_6_SIBR",2.0226314055983
"ALF16_3_9_1_CASIA",3.12109493921583
"ALF16_3_9_2_CASIA",2.74201444178857
"ALF16_3_9_3_CASIA",5.88587405203092
"ALF16_3_9_4_CASIA",4.34850291190701
"ALF16_3_9_5_CASIA",1.84546440285962
"ALF16_3_9_6_CASIA",3.84600041334521
"ALF16_4_1_1_Hybriforce3400",6.85523830598093
"ALF16_4_1_2_Hybriforce3400",2.78722727610943
"ALF16_4_1_3_Hybriforce3400",7.59269272097308
"ALF16_4_1_4_Hybriforce3400",7.98087458603324
"ALF16_4_1_5_Hybriforce3400",4.8630933239584
"ALF16_4_10_1_SIBR",2.52015525728722
"ALF16_4_10_3_SIBR",1.38588573600471
"ALF16_4_10_4_SIBR",1.07372769093915
"ALF16_4_10_5_SIBR",4.40761617850997
"ALF16_4_10_6_SIBR",4.50874661791595
"ALF16_4_11_1_OTTM",4.12801254186181
"ALF16_4_11_2_OTTM",3.54369160115473
"ALF16_4_11_3_OTTM",3.16862577232358
"ALF16_4_11_4_OTTM",5.98117811192338
"ALF16_4_11_5_OTTM",5.30596918890081
"ALF16_4_11_6_OTTM",7.14720270364073
"ALF16_4_12_1_Vernal",4.06345791777787
"ALF16_4_12_2_Vernal",6.2089300678589
"ALF16_4_12_3_Vernal",4.16120045765545
"ALF16_4_12_5_Vernal",4.46819027709606
"ALF16_4_12_6_Vernal",4.69090847072291
"ALF16_4_13_1_OTTM",5.1754351386183
"ALF16_4_13_2_OTTM",2.92214416062563
"ALF16_4_13_4_OTTM",6.36497703309973
"ALF16_4_13_5_OTTM",2.79915109503345
"ALF16_4_13_6_OTTM",3.55141522003624
"ALF16_4_14_1_OTTM",5.66971370859713
"ALF16_4_14_2_OTTM",3.56660377744113
"ALF16_4_14_3_OTTM",4.06530482282051
"ALF16_4_14_4_OTTM",6.16558577174345
"ALF16_4_14_6_OTTM",5.75005237316391
"ALF16_4_15_1_EURO",3.55761418314252
"ALF16_4_15_2_EURO",1.62371318026697
"ALF16_4_15_3_EURO",1.91794777171056
"ALF16_4_15_4_EURO",3.42038991255807
"ALF16_4_15_5_EURO",6.51130206659109
"ALF16_4_15_6_EURO",4.83594286226401
"ALF16_4_16_1_CASIA",5.63503991565352
"ALF16_4_16_3_CASIA",3.4533704277918
"ALF16_4_16_4_CASIA",1.70382608216715
"ALF16_4_16_5_CASIA",2.86702498625331
"ALF16_4_16_6_CASIA",5.03341304447073
"ALF16_4_17_1_EURO",4.15236077609102
"ALF16_4_17_2_EURO",5.19030395721714
"ALF16_4_17_3_EURO",2.98612835210007
"ALF16_4_17_4_EURO",3.4659699779535
"ALF16_4_17_5_EURO",4.10781161382245
"ALF16_4_17_6_EURO",5.90862688348717
"ALF16_4_18_1_SIBR",3.15494074371077
"ALF16_4_18_2_SIBR",2.21393010062292
"ALF16_4_2_1_SIBR",6.26250442038951
"ALF16_4_2_2_SIBR",7.37209911801646
"ALF16_4_2_3_SIBR",3.80588307075467
"ALF16_4_2_4_SIBR",6.86926362272134
"ALF16_4_2_5_SIBR",2.14674739055736
"ALF16_4_2_6_SIBR",5.65066809284008
"ALF16_4_3_1_EURO",5.79447776147388
"ALF16_4_3_2_EURO",5.23777813010391
"ALF16_4_3_3_EURO",5.5624175753981
"ALF16_4_3_4_EURO",5.56355580572339
"ALF16_4_3_5_EURO",0.901775386075493
"ALF16_4_3_6_EURO",4.57704520215166
"ALF16_4_4_1_EURO",4.58896939031253
"ALF16_4_4_2_EURO",6.1163577201312
"ALF16_4_4_3_EURO",3.51598603860367
"ALF16_4_4_4_EURO",2.76182902090012
"ALF16_4_4_5_EURO",5.23188622546183
"ALF16_4_4_6_EURO",3.34221376426344
"ALF16_4_5_1_CASIA",1.94792183713773
"ALF16_4_5_3_CASIA",1.25223253773823
"ALF16_4_5_4_CASIA",4.16364998291515
"ALF16_4_5_5_CASIA",4.26217593811781
"ALF16_4_5_6_CASIA",3.48847854278519
"ALF16_4_6_1_SIBR",3.79796993014834
"ALF16_4_6_2_SIBR",5.97383067366828
"ALF16_4_6_3_SIBR",4.10691067327709
"ALF16_4_6_5_SIBR",1.37765415652232
"ALF16_4_6_6_SIBR",1.56124671506215
"ALF16_4_7_1_Hybriforce3400",6.4046304236507
"ALF16_4_7_2_Hybriforce3400",6.19285611225988
"ALF16_4_7_3_Hybriforce3400",4.56712234297652
"ALF16_4_7_4_Hybriforce3400",4.69070919522329
"ALF16_4_7_5_Hybriforce3400",5.818308706246
"ALF16_4_7_6_Hybriforce3400",5.48200505727024
"ALF16_4_8_1_EURO",5.60103550071724
"ALF16_4_8_2_EURO",3.99271110501342
"ALF16_4_8_3_EURO",4.1747055036516
"ALF16_4_8_4_EURO",5.27711762016374
"ALF16_4_8_5_EURO",2.19325375272879
"ALF16_4_8_6_EURO",3.20962720994495
"ALF16_4_9_1_OTTM",4.36699005437084
"ALF16_4_9_2_OTTM",6.30461112332762
"ALF16_4_9_3_OTTM",4.54456505356862
"ALF16_4_9_4_OTTM",6.73771153233393
"ALF16_4_9_5_OTTM",1.36566788961805
"ALF16_4_9_6_OTTM",3.3670534793988
"ALF16_5_1_1_SIBR",7.40734614060862
"ALF16_5_1_2_SIBR",2.2902411081165
"ALF16_5_1_3_SIBR",3.70988469324117
"ALF16_5_1_4_SIBR",1.04508855231504
"ALF16_5_1_5_SIBR",1.73167627312337
"ALF16_5_1_6_SIBR",5.44729669355366
"ALF16_5_10_2_EURO",2.66216201819325
"ALF16_5_10_3_EURO",1.71522498171001
"ALF16_5_10_4_EURO",4.60202082161284
"ALF16_5_10_6_EURO",2.84496954557086
"ALF16_5_11_1_EURO",4.63854509363645
"ALF16_5_11_3_EURO",4.58511658228079
"ALF16_5_11_4_EURO",4.10057687641813
"ALF16_5_11_5_EURO",3.24423815234344
"ALF16_5_11_6_EURO",2.98797010461129
"ALF16_5_12_1_CASIA",4.96774703221966
"ALF16_5_12_2_CASIA",4.42989250697433
"ALF16_5_12_5_CASIA",0.912425058843802
"ALF16_5_12_6_CASIA",1.97025125084675
"ALF16_5_13_2_OTTM",3.68535109770124
"ALF16_5_13_3_OTTM",3.16257854162641
"ALF16_5_13_4_OTTM",7.19261089992733
"ALF16_5_13_6_OTTM",3.36108098169757
"ALF16_5_14_1_EURO",5.9879594151099
"ALF16_5_14_2_EURO",4.23538949386684
"ALF16_5_14_3_EURO",3.22910385162048
"ALF16_5_14_4_EURO",5.14527139218245
"ALF16_5_14_5_EURO",2.92019233089427
"ALF16_5_15_1_CASIA",1.5606867911478
"ALF16_5_15_2_CASIA",4.97945690108717
"ALF16_5_15_5_CASIA",6.52481817489941
"ALF16_5_15_6_CASIA",2.69340266684963
"ALF16_5_16_1_55H94",5.60166963135849
"ALF16_5_16_2_55H94",5.8684340319923
"ALF16_5_16_3_55H94",3.07187803426139
"ALF16_5_16_4_55H94",5.01776862848294
"ALF16_5_16_5_55H94",7.10500830202885
"ALF16_5_16_6_55H94",3.46085649268208
"ALF16_5_17_1_CASIA",3.44883328423477
"ALF16_5_17_2_CASIA",2.66852456516745
"ALF16_5_17_3_CASIA",5.37246641215176
"ALF16_5_17_4_CASIA",3.63330550200107
"ALF16_5_17_6_CASIA",7.20089358032808
"ALF16_5_18_2_SIBR",7.17754890538786
"ALF16_5_18_4_SIBR",4.64166702424789
"ALF16_5_18_5_SIBR",2.12402277451693
"ALF16_5_18_6_SIBR",5.89406626672114
"ALF16_5_19_1_OTTM",7.70066118041347
"ALF16_5_19_2_OTTM",2.53303994189199
"ALF16_5_19_3_OTTM",5.32219089672251
"ALF16_5_19_4_OTTM",4.41999891284176
"ALF16_5_19_5_OTTM",6.32746753820623
"ALF16_5_19_6_OTTM",7.72625740819576
"ALF16_5_2_1_EURO",5.46720999805201
"ALF16_5_2_2_EURO",3.95833464837783
"ALF16_5_2_3_EURO",3.99137223330698
"ALF16_5_2_4_EURO",1.47057218385388
"ALF16_5_2_5_EURO",1.83936037118117
"ALF16_5_2_6_EURO",4.11526404754446
"ALF16_5_20_1_Hybriforce3400",7.47451350648169
"ALF16_5_20_2_Hybriforce3400",2.47943918703132
"ALF16_5_20_3_Hybriforce3400",3.09616224053379
"ALF16_5_20_4_Hybriforce3400",2.79833184659042
"ALF16_5_20_5_Hybriforce3400",6.53785970449039
"ALF16_5_21_1_SIBR",2.66052645543152
"ALF16_5_21_2_SIBR",3.35451005659752
"ALF16_5_21_3_SIBR",2.79771811614485
"ALF16_5_21_4_SIBR",4.53816034185325
"ALF16_5_21_5_SIBR",1.20273110831945
"ALF16_5_21_6_SIBR",2.36161222197637
"ALF16_5_22_3_CASIA",4.52593102234034
"ALF16_5_22_4_CASIA",5.35070916964365
"ALF16_5_22_5_CASIA",4.08505955396269
"ALF16_5_23_1_EURO",1.85676684976895
"ALF16_5_23_2_EURO",5.71430043321141
"ALF16_5_23_4_EURO",3.47458285978479
"ALF16_5_23_5_EURO",5.58928275876551
"ALF16_5_23_6_EURO",3.04930006865043
"ALF16_5_24_1_CASIA",2.64733364952239
"ALF16_5_24_2_CASIA",5.91241917459109
"ALF16_5_24_4_CASIA",5.47836925585231
"ALF16_5_24_6_CASIA",8.18735891989131
"ALF16_5_3_1_CASIA",5.79681602809486
"ALF16_5_3_3_CASIA",2.25968630075302
"ALF16_5_3_4_CASIA",3.15298012175888
"ALF16_5_3_5_CASIA",1.44248881355649
"ALF16_5_4_1_SIBR",3.09917213977445
"ALF16_5_4_3_SIBR",6.62431001242394
"ALF16_5_4_4_SIBR",5.51225628719472
"ALF16_5_4_5_SIBR",3.53620112476991
"ALF16_5_4_6_SIBR",7.6081040556565
"ALF16_5_5_1_EURO",5.52502495876053
"ALF16_5_5_2_EURO",5.61731081818655
"ALF16_5_5_3_EURO",3.98949881983004
"ALF16_5_5_4_EURO",4.63351677495399
"ALF16_5_5_5_EURO",5.15815798170703
"ALF16_5_5_6_EURO",5.02510096087314
"ALF16_5_6_1_EURO",4.91331229492425
"ALF16_5_6_2_EURO",5.15308131724499
"ALF16_5_6_3_EURO",3.30253340942217
"ALF16_5_6_4_EURO",7.29590447583579
"ALF16_5_6_5_EURO",4.80006555457321
"ALF16_5_6_6_EURO",1.47437801264206
"ALF16_5_7_1_SIBR",3.95490692991968
"ALF16_5_7_2_SIBR",4.21104021249593
"ALF16_5_7_3_SIBR",4.56355564073184
"ALF16_5_7_4_SIBR",2.28289260663513
"ALF16_5_7_5_SIBR",3.85543438695143
"ALF16_5_7_6_SIBR",3.77297599770302
"ALF16_5_8_2_SIBR",5.41762560148293
"ALF16_5_8_3_SIBR",2.54112002046635
"ALF16_5_8_4_SIBR",4.4076081260238
"ALF16_5_8_6_SIBR",3.24802186166051
"ALF16_5_9_1_OTTM",6.35804836776401
"ALF16_5_9_2_OTTM",4.01137114364022
"ALF16_5_9_3_OTTM",2.37635636173916
"ALF16_5_9_4_OTTM",2.35950441095754
"ALF16_5_9_5_OTTM",4.86461499543692
"ALF16_5_9_6_OTTM",4.50305346113477
"ALF16_6_12_5_CASIA",3.0253059490024
"ALF16_6_12_6_CASIA",3.44330839286127
"ALF16_6_13_2_OTTM",2.12782275613503
"ALF16_6_13_3_OTTM",4.55342766757683
"ALF16_6_13_4_OTTM",5.80320761366349
"ALF16_6_13_5_OTTM",6.09910004195836
"ALF16_6_13_6_OTTM",5.68534648441643
"ALF16_6_14_1_OTTM",4.94784708877923
"ALF16_6_14_3_OTTM",6.33368607154496
"ALF16_6_14_4_OTTM",6.64919963941583
"ALF16_6_14_5_OTTM",2.09711312555615
"ALF16_6_14_6_OTTM",6.28474123396978
"ALF16_6_15_1_EURO",5.5117766597839
"ALF16_6_15_2_EURO",4.87456641369159
"ALF16_6_15_4_EURO",2.72407254925765
"ALF16_6_15_5_EURO",6.23359831055986
"ALF16_6_16_1_CASIA",6.29803758881843
"ALF16_6_16_2_CASIA",1.4921359362274
"ALF16_6_16_5_CASIA",4.92789197755813
"ALF16_6_16_6_CASIA",4.82151048621431
"ALF16_6_17_1_Vernal",4.93974926567979
"ALF16_6_17_2_Vernal",7.45775495675318
"ALF16_6_17_3_Vernal",6.60484475706219
"ALF16_6_17_4_Vernal",6.93843466750656
"ALF16_6_17_5_Vernal",6.11771500338937
"ALF16_6_17_6_Vernal",5.17152570504641
"ALF16_6_18_1_SIBR",3.98902937511082
"ALF16_6_18_2_SIBR",2.71420295331064
"ALF16_6_18_3_SIBR",2.92695531920215
"ALF16_6_18_4_SIBR",4.62232802383265
"ALF16_6_18_6_SIBR",6.81683698210592
"ALF16_6_19_1_SIBR",6.23820105051629
"ALF16_6_19_2_SIBR",5.95714822506955
"ALF16_6_19_4_SIBR",4.66611298330061
"ALF16_6_19_5_SIBR",2.67726937282293
"ALF16_6_19_6_SIBR",3.98384921992483
"ALF16_6_20_1_EURO",2.7568865239015
"ALF16_6_20_2_EURO",1.94642735286915
"ALF16_6_20_4_EURO",5.36134336484096
"ALF16_6_20_5_EURO",2.39836466314527
"ALF16_6_20_6_EURO",3.66188656928555
"ALF16_6_21_1_OTTM",2.6742679490759
"ALF16_6_21_2_OTTM",5.01746086216117
"ALF16_6_21_4_OTTM",5.79220044885093
"ALF16_6_21_5_OTTM",5.35010335141128
"ALF16_6_21_6_OTTM",4.61589218726505
"ALF16_6_22_1_SIBR",2.13226431794159
"ALF16_6_22_4_SIBR",2.71562710868475
"ALF16_6_22_5_SIBR",4.74006622979425
"ALF16_6_22_6_SIBR",4.04885320723895
"ALF16_6_23_1_CASIA",7.18939566480103
"ALF16_6_23_2_CASIA",4.51515096259638
"ALF16_6_23_3_CASIA",5.91604833969683
"ALF16_6_23_4_CASIA",5.78066456982629
"ALF16_6_23_5_CASIA",4.02513107934356
"ALF16_6_24_1_OTTM",6.03817381048854
"ALF16_6_24_2_OTTM",2.77726084356845
"ALF16_6_24_3_OTTM",6.26442250111256
"ALF16_6_24_4_OTTM",6.83432513207167
"ALF16_6_24_5_OTTM",6.12549959401342
"ALF16_6_24_6_OTTM",7.49657665350172
"ALF16_7_1_1_EURO",4.01900093411512
"ALF16_7_1_2_EURO",0.83212540360779
"ALF16_7_1_3_EURO",3.32099476920555
"ALF16_7_1_4_EURO",6.34367508595674
"ALF16_7_1_5_EURO",6.16137982775528
"ALF16_7_1_6_EURO",6.47293786058081
"ALF16_7_10_1_CASIA",2.56956146240434
"ALF16_7_10_2_CASIA",3.73255172629835
"ALF16_7_10_3_CASIA",4.15989217153413
"ALF16_7_11_1_EURO",6.22133551209983
"ALF16_7_11_2_EURO",1.32120263258343
"ALF16_7_11_3_EURO",2.58216067033817
"ALF16_7_11_4_EURO",2.20676990150488
"ALF16_7_11_5_EURO",4.63275295727675
"ALF16_7_11_6_EURO",6.58970914789085
"ALF16_7_12_1_OTTM",5.13127140393546
"ALF16_7_12_2_OTTM",2.83365768254042
"ALF16_7_12_4_OTTM",2.84371962389292
"ALF16_7_12_5_OTTM",2.81340811028754
"ALF16_7_12_6_OTTM",5.96548714727926
"ALF16_7_13_1_Genoa",7.39209404600555
"ALF16_7_13_2_Genoa",6.04423366802457
"ALF16_7_13_3_Genoa",8.02201366262558
"ALF16_7_13_4_Genoa",6.8532722205393
"ALF16_7_13_5_Genoa",2.39644261737814
"ALF16_7_13_6_Genoa",7.03533489117085
"ALF16_7_14_1_SIBR",4.18580607183763
"ALF16_7_14_2_SIBR",2.61074484000594
"ALF16_7_14_4_SIBR",2.18185973454643
"ALF16_7_14_5_SIBR",5.39704334776248
"ALF16_7_14_6_SIBR",5.51112934248049
"ALF16_7_15_1_SIBR",2.01669974068553
"ALF16_7_15_3_SIBR",4.91815934782313
"ALF16_7_15_4_SIBR",1.94898796129388
"ALF16_7_15_5_SIBR",4.34211910372647
"ALF16_7_15_6_SIBR",4.66497810499773
"ALF16_7_16_1_CASIA",3.88293381350817
"ALF16_7_16_3_CASIA",1.88142341999527
"ALF16_7_16_6_CASIA",4.86493393678938
"ALF16_7_17_1_EURO",3.20632387434502
"ALF16_7_17_2_EURO",5.16836332875531
"ALF16_7_17_4_EURO",2.4350974636169
"ALF16_7_17_5_EURO",4.44482952821174
"ALF16_7_17_6_EURO",3.87086076442493
"ALF16_7_18_2_OTTM",3.52997233078709
"ALF16_7_2_2_SIBR",4.56980446648145
"ALF16_7_2_5_SIBR",4.98567974753165
"ALF16_7_2_6_SIBR",5.10277388161086
"ALF16_7_3_2_SIBR",4.38114082434277
"ALF16_7_3_3_SIBR",5.1555144692106
"ALF16_7_3_4_SIBR",3.28327460473747
"ALF16_7_3_5_SIBR",5.69807849917986
"ALF16_7_3_6_SIBR",4.75377068713369
"ALF16_7_4_2_OTTM",5.85013091377008
"ALF16_7_4_3_OTTM",7.1295196676969
"ALF16_7_4_4_OTTM",6.86083576558616
"ALF16_7_4_5_OTTM",6.75477241426848
"ALF16_7_4_6_OTTM",7.31369740998439
"ALF16_7_5_1_SIBR",5.20684680254276
"ALF16_7_5_2_SIBR",3.98516460523836
"ALF16_7_5_3_SIBR",4.96041281400593
"ALF16_7_5_4_SIBR",4.65977721769153
"ALF16_7_5_5_SIBR",4.39122602952298
"ALF16_7_5_6_SIBR",6.05999007756731
"ALF16_7_6_1_55H94",6.17436322567071
"ALF16_7_6_2_55H94",4.81043120156999
"ALF16_7_6_3_55H94",5.56933321851099
"ALF16_7_6_4_55H94",5.73054973855242
"ALF16_7_6_5_55H94",5.78619248743228
"ALF16_7_6_6_55H94",7.04363958428475
"ALF16_7_7_1_EURO",2.54950852466849
"ALF16_7_7_2_EURO",5.36773100554642
"ALF16_7_7_3_EURO",3.75979275409427
"ALF16_7_7_4_EURO",0.918550526348743
"ALF16_7_7_5_EURO",5.58953101869228
"ALF16_7_7_6_EURO",2.99137028018008
"ALF16_7_8_1_OTTM",4.42489313462292
"ALF16_7_8_2_OTTM",6.01652238738623
"ALF16_7_8_3_OTTM",5.61052691611343
"ALF16_7_8_4_OTTM",4.56707495719372
"ALF16_7_8_5_OTTM",2.92980801949922
"ALF16_7_8_6_OTTM",4.35533153967779
"ALF16_7_9_1_OTTM",6.17278365807539
"ALF16_7_9_2_OTTM",4.74004212510315
"ALF16_7_9_3_OTTM",3.84916655429809
"ALF16_7_9_4_OTTM",3.26278590827589
"ALF16_7_9_5_OTTM",4.32052675751021
"ALF16_7_9_6_OTTM",6.39151925744158
"ALF16_8_11_3_55H94",3.88038640971201
"ALF16_8_11_4_55H94",6.51325705092165
"ALF16_8_11_5_55H94",5.91390296613922
"ALF16_8_11_6_55H94",6.20261390406825
"ALF16_8_12_1_SIBR",4.17736351188634
"ALF16_8_12_2_SIBR",2.74956806886122
"ALF16_8_12_3_SIBR",4.85891267208111
"ALF16_8_12_4_SIBR",3.84101865013251
"ALF16_8_12_5_SIBR",3.17631220352762
"ALF16_8_12_6_SIBR",3.1496947947365
"ALF16_8_13_1_EURO",2.13402992957844
"ALF16_8_13_2_EURO",4.20661827042991
"ALF16_8_13_3_EURO",6.05237737487281
"ALF16_8_13_4_EURO",3.37266144060177
"ALF16_8_13_5_EURO",4.46164685569224
"ALF16_8_13_6_EURO",4.89137570743023
"ALF16_8_14_1_CASIA",5.37137877101055
"ALF16_8_14_2_CASIA",2.43069782200906
"ALF16_8_14_3_CASIA",1.95889979751722
"ALF16_8_14_4_CASIA",3.17077457452758
"ALF16_8_14_5_CASIA",4.47942602436042
"ALF16_8_14_6_CASIA",1.80784980111691
"ALF16_8_15_2_SIBR",4.64897109465627
"ALF16_8_15_3_SIBR",4.42347447504329
"ALF16_8_15_4_SIBR",5.44332339282323
"ALF16_8_15_6_SIBR",5.52678722380572
"ALF16_8_16_2_EURO",3.45922877668554
"ALF16_8_16_3_EURO",3.71641564520851
"ALF16_8_16_5_EURO",5.36024553918108
"ALF16_8_16_6_EURO",5.43215709727107
"ALF16_8_17_1_CASIA",5.60550508101506
"ALF16_8_17_2_CASIA",2.9423687514311
"ALF16_8_17_3_CASIA",5.38084079153387
"ALF16_8_17_5_CASIA",5.7824608606276
"ALF16_8_17_6_CASIA",4.53673491950951
"ALF16_8_18_1_OTTM",7.56278049442008
"ALF16_8_18_2_OTTM",7.78647379831879
"ALF16_8_18_3_OTTM",5.69230589710779
"ALF16_8_18_5_OTTM",6.61169437446487
"ALF16_8_18_6_OTTM",4.2769925443035
"ALF16_8_19_1_OTTM",5.56873662121341
"ALF16_8_19_2_OTTM",4.60141276073109
"ALF16_8_19_3_OTTM",4.05494651084357
"ALF16_8_19_4_OTTM",4.11912931308926
"ALF16_8_19_5_OTTM",4.64981114074636
"ALF16_8_19_6_OTTM",4.4021668152313
"ALF16_8_20_1_Genoa",5.02258992925298
"ALF16_8_20_2_Genoa",5.90563675536436
"ALF16_8_20_3_Genoa",6.9098460298806
"ALF16_8_20_4_Genoa",4.42642632034008
"ALF16_8_20_5_Genoa",5.75243689269088
"ALF16_8_20_6_Genoa",5.14479537693354
"ALF16_8_21_1_EURO",3.07808129406273
"ALF16_8_21_2_EURO",6.20362988562343
"ALF16_8_21_3_EURO",4.30052875547616
"ALF16_8_21_4_EURO",2.94159845543125
"ALF16_8_21_5_EURO",3.21818159305151
"ALF16_8_21_6_EURO",4.91199130889078
"ALF16_8_22_1_OTTM",5.99824532185564
"ALF16_8_22_2_OTTM",5.6634099779716
"ALF16_8_22_3_OTTM",7.4099612641862
"ALF16_8_22_4_OTTM",5.60156175707543
"ALF16_8_22_5_OTTM",6.07278595183652
"ALF16_8_23_1_55H94",2.44296511463155
"ALF16_8_23_2_55H94",5.16398965052452
"ALF16_8_23_3_55H94",4.6493840290531
"ALF16_8_23_4_55H94",3.79973414067507
"ALF16_8_23_5_55H94",6.08516762493557
"ALF16_8_23_6_55H94",7.19156448414808
"ALF16_8_24_1_CASIA",1.54541866170699
"ALF16_8_24_2_CASIA",2.88679332365277
"ALF16_8_24_3_CASIA",6.1206326820908
"ALF16_8_24_4_CASIA",5.60293380417852
"ALF16_8_24_5_CASIA",5.95978415508501
"ALF16_8_24_6_CASIA",2.11344744881149
